,Title,Text,Publisher,URL,Date
0,BYD: Fast jedes dritte Apple iPad wird vom Autohersteller gefertigt,"BYD ist als Autohersteller aus China bekannt, baut laut Wall Street Journal aber u.a. auch 30 Prozent der Apple iPads und ist auch am iPhone beteiligt.",Nextpit.de,https://www.nextpit.de/byd-fast-jedes-dritte-apple-ipad-wird-vom-autohersteller-gefertigt,2024-12-04 09:22:14
1,Perplexity AI verspricht Hardware – für unter 50 US-Dollar,Alle KI-Anbieter arbeiten an eigener Hardware. Nun verspricht der Perplexity-CEO ein günstiges Gerät mit Sprachsteuerung.,heise online,https://www.heise.de/news/Perplexity-AI-verspricht-Hardware-fuer-unter-50-US-Dollar-10187209.html,2024-12-04 10:36:00
2,heise+ | Verschlusssache iPhone: Das steckt hinter iOS indigo,Die Bundesverwaltung will Apple-Geräte für bis zu 770 Millionen Euro kaufen. Für Vertrauliches brauchen die Geräte angepasste Software. So funktioniert sie.,heise online,https://www.heise.de/hintergrund/Verschlusssache-iPhone-Das-steckt-hinter-iOS-indigo-10177357.html?wt_mc=rss.red.ho.ho.atom.beitrag_plus.beitrag_plus,2024-12-04 13:30:00
3,Apples neues Smart Display: Zwischen iPad und HomePod,"Das wissen unsere Leser ja sicherlich: Apple plant offenbar den Einstieg in einen neuen Produktbereich. Das Unternehmen aus Cupertino entwickelt derzeit ein intelligentes Display, das die Lücke zwischen iPad und HomePod schließen soll. Nach Informationen des …",Caschys Blog,https://stadt-bremerhaven.de/apples-neues-smart-display-zwischen-ipad-und-homepod/,2024-12-04 15:28:18
4,"heise-Angebot: Mac & i 6/2024 jetzt erhältlich: Macs im Test, iPad gemeinsam nutzen, iOS-Tipps","Die Mac & i 6/2024 erläutert, wie man das iPad mit mehreren Personen teilt und enthält Tests von MacBook Pro, iMac und Mac mini mit M4, M4 Pro und M4 Max.",heise online,https://www.heise.de/news/Mac-i-6-2024-jetzt-erhaeltlich-Macs-im-Test-iPad-gemeinsam-nutzen-iOS-Tipps-10176494.html,2024-12-05 08:00:00
5,Anzeige: Magsafe-Ladestation von Anker so günstig wie am Black Friday,"Eine kompakte Ladestation, die iPhone, Apple Watch und Airpods gleichzeitig laden kann, sorgt für mehr Ordnung und Effizienz im Alltag. (Technik/Hardware, Anker)",Golem.de,https://www.golem.de/sonstiges/zustimmung/auswahl.html?from=https%3A%2F%2Fwww.golem.de%2Fnews%2Fanzeige-magsafe-ladestation-von-anker-so-guenstig-wie-am-black-friday-2412-191460.html&referer=https%3A%2F%2Ft.co%2Fbfb66976b1,2024-12-05 14:11:01
6,Anzeige: Apple iPhone 16 jetzt mit 80 Euro Rabatt bei Amazon sichern,"Der Black Friday ist vorbei, doch manche Deals bleiben länger. Bei Amazon ist das iPhone 16 noch immer mit 80 Euro Rabatt im Sonderangebot. (iPhone 16, iPhone)",Golem.de,https://www.golem.de/sonstiges/zustimmung/auswahl.html?from=https%3A%2F%2Fwww.golem.de%2Fnews%2Fanzeige-apple-iphone-16-jetzt-mit-80-euro-rabatt-bei-amazon-sichern-2412-191463.html&referer=https%3A%2F%2Ft.co%2Fbc7fe6b9ee,2024-12-05 15:09:02
7,Pro & Contra: Brauchen wir ein Photoshop von Apple?,Apple will die beliebte Photoshop-Alternative Pixelmator kaufen. Doch ist diese unerwartete Übernahme begrüßenswert?,heise online,https://www.heise.de/meinung/Pro-Contra-Brauchen-wir-ein-Photoshop-von-Apple-10184941.html?wt_mc=rss.red.ho.ho.atom.beitrag.beitrag,2024-12-06 09:30:00
8,heise+ | Feed-Leitstelle: Schneller Informationen aus dem Web erfassen mit Reeder,Reeder sammelt interessante Inhalte aus unterschiedlichen Quellen. WIr haben die App für Apple-Geräte getestet.,heise online,https://www.heise.de/tests/Feed-Leitstelle-Schneller-Informationen-aus-dem-Web-erfassen-mit-Reeder-10179335.html?wt_mc=rss.red.ho.ho.atom.beitrag_plus.beitrag_plus,2024-12-06 12:00:00
9,"heise-Angebot: Mac & i 6/2024 ist da: Tests, Tipps und Themen für Apple-Nutzer","In der Ausgabe lesen Sie unter anderem, wie man das iPad in der Familie teilt, was die iOS- und macOS-Updates bringen und was die neuen M4-Macs taugen.",heise online,https://www.heise.de/news/Mac-i-6-2024-ist-da-Tests-Tipps-und-Themen-fuer-Apple-Nutzer-10189789.html,2024-12-06 14:00:00
10,Verzicht auf Zulieferer - Apple setzt mit eigenen Modem-Chips Qualcomm unter Druck,Der iPhone-Riese Apple plant die Einführung eigener Modem-Chips. Damit bläst Apple-CEO Tim Cook zur Attacke auf den Zulieferer Qualcomm.,Focus,https://www.focus.de/finanzen/boerse/verzicht-auf-zulieferer-apple-setzt-mit-eigenen-modem-chips-qualcomm-unter-druck_id_260543627.html,2024-12-07 13:16:47
11,Kommentar: Mac mini M4 – von unten nach oben,Der Mac mini mit M4-Chip sorgt mit Preis und Tempo für Furore. Dabei war das nicht immer so. Holger Zelder ist beeindruckt.,heise online,https://www.heise.de/meinung/Kommentar-Mac-mini-M4-von-unten-nach-oben-10191145.html?wt_mc=rss.red.ho.ho.atom.beitrag.beitrag,2024-12-08 09:58:00
12,Eigenes Modem fast fertig: Apple plant MacBooks und Vision Pro mit 5G,"Dass Apple an einem eigenen Modem arbeitet, ist schon länger bekannt. Jetzt sind erste Pläne ans Licht gekommen, nach denen Apple alle Geräte bis 2027 auf eigene 5G-Modems umstellen möchte und auch mehr Modelle mit Mobilfunk plant. Das MacBook und die Vision …",ComputerBase,https://www.computerbase.de/news/notebooks/eigenes-modem-fast-fertig-apple-plant-macbooks-und-vision-pro-mit-5g.90583/,2024-12-08 16:20:00
13,Android-Smartphones: Xiaomi will die Apple Watch unterstützen,"Die Apple Watch lässt sich nur in Verbindung mit einem iPhone benutzen, mit einem Android-Smartphone lässt sie sich – abseits von komplizierten Workarounds mit Einschränkungen – nicht koppeln. Doch das möchte Xiaomi nun ändern und plant Gerüchten zufolge die …",ComputerBase,https://www.computerbase.de/news/wearables/android-smartphones-xiaomi-will-die-apple-watch-unterstuetzen.90595/,2024-12-09 17:49:00
14,"Resident Evil 2 Remake erscheint am 10. Dezember für iPhone, iPad und Mac","Nach der Ankündigung auf der Worldwide Developers Conference (WWDC) steht nun der Release-Termin für das Resident Evil 2 Remake fest. Apple-Nutzer können den Survival-Horror-Klassiker ab dem 10. Dezember 2024 auf ihren Macs, iPhones und iPads erleben. Die Por…",Caschys Blog,https://stadt-bremerhaven.de/resident-evil-2-remake-erscheint-am-10-dezember-fuer-iphone-ipad-und-mac-2/,2024-12-09 19:37:20
15,Apples OLED-Roadmap: Erstes MacBook Pro ohne Notch ab 2026,"Der sogenannte “Notch”, der rechteckige Schönheitsfleck oben mittig in den Displays der aktuellen MacBook-Pro-Modelle, könnte bereits in wenigen Jahren der Vergangenheit angehören. Laut einer Roadmap der Marktforschungsfirma Omdia sollen schon 2026 neue MacBo…",ifun.de › Apple-News seit 2001,https://www.ifun.de/apples-oled-roadmap-erstes-macbook-pro-ohne-notch-ab-2026-244987/,2024-12-09 19:44:45
16,"Dienstag: Altersgrenze für soziale Medien, Beweis für anthropisches Prinzip",Bandenkriminalität in Schweden + Entwicklung des Universums + Umsetzung der NIS2-Richtlinie + Roboterratte täuscht echte Ratten + Mobiles Bezahlen auf iPhones,heise online,https://www.heise.de/news/Dienstag-Altersgrenze-fuer-soziale-Medien-Beweis-fuer-anthropisches-Prinzip-10193309.html,2024-12-10 06:15:00
17,Apple knickt ein: MacBook Pro verliert endlich Schönheitsmakel,"Das aktuelle MacBook Pro besitzt einen sichtbaren Schönheitsfehler, der wie bereits zuvor beim iPhone für Diskussionen sorgt. Am oberen Rand findet sich nämlich eine Aussparung im Bildschirm – allgemein als „Notch“ bekannt. Die soll das MacBook Pro nun endlic…",Giga,https://www.giga.de/tech/apple-knickt-ein-macbook-pro-verliert-endlich-schoenheitsmakel--01JEQT227EGT6EZSBGKJS0NEGW,2024-12-10 09:13:06
18,RCS: Warum sich der neue Messaging-Standard dank Apple durchsetzen könnte,"Apple lässt mit iOS 18 endlich auch den SMS-Nachfolger RCS aufs iPhone. Kathryn Murphy vom Kommunikationsdienstleister Twilio erläutert, was das heißt.",heise online,https://www.heise.de/hintergrund/RCS-Warum-sich-der-neue-Messaging-Standard-dank-Apple-durchsetzen-koennte-10181552.html?wt_mc=rss.red.ho.ho.atom.beitrag.beitrag,2024-12-10 10:21:00
19,Missbrauchsbilder in iCloud: US-Sammelklage wirft Apple Untätigkeit vor,"Apple ignoriert Missbrauchsmaterial in iCloud und schadet damit den Opfern, lauten die Vorwürfe. Gefordert wird auch ein neuer Scan-Mechanismus.",heise online,https://www.heise.de/news/Missbrauchsbilder-in-iCloud-US-Sammelklage-wirft-Apple-Untaetigkeit-vor-10193835.html,2024-12-10 12:16:00
20,Apple Pay: Erster Konkurrent geht in Europa an den Start,Apple musste die NFC-Schnittstelle für Drittanbieter öffnen – ein Erfolg für den norwegischen Zahlungsdienstleister Vipps. Kund:innen können jetzt auch ohne Apple Pay kontaktlos mit dem iPhone zahlen. Nach einem langen Streit mit der EU hat Apple die NFC-Schn…,T3n,https://t3n.de/news/?p=1662581,2024-12-10 12:25:54
21,Schnell zugreifen! Diese iOS- und Android-Apps sind kurze Zeit kostenlos,"Findet heraus, welche zeitlich begrenzten Angebote an kostenlosen Apps und Spielen im Apple App Store und Google Play Store derzeit erhältlich sind.",Nextpit.de,https://www.nextpit.de/kostenlose-apps-2024-01-50,2024-12-10 19:00:00
22,Apple Watch: Satellitenverbindung und Blutdruckmessung ab 2025 im Gespräch,"Apple plant die Einführung neuer Funktionen für seine Apple Watch, die das Nutzererlebnis deutlich erweitern sollen. Die Apple Watch Ultra wird ab 2025 mit Satellitenverbindungen ausgestattet sein, berichtet Bloomberg. Diese Technologie ermöglicht es Nutzern,…",Caschys Blog,https://stadt-bremerhaven.de/apple-watch-satellitenverbindung-und-blutdruckmessung-ab-2025-im-gespraech/,2024-12-10 20:30:41
23,Microsoft erweitert iPhone-Integration für Windows,Microsoft hat ein Update für seine „Link zu Windows-App“ veröffentlicht. Die neue Version 1.24112.73 ermöglicht iPhone-Nutzern erstmals den direkten Dateiaustausch mit Windows-PCs. Diese Funktion stellt einen wichtigen Schritt in der Integration zwischen Appl…,Caschys Blog,https://stadt-bremerhaven.de/microsoft-erweitert-iphone-integration-fuer-windows/,2024-12-11 07:05:57
24,OCR Scanner – QuickScan: Version 8.3 der Scan-App für iOS mit Neuerungen,Die Scan-App „OCR Scanner – QuickScan“ für das iPhone und das iPad begleiten wir hier im Blog seit ihrem Start. In den letzten Wochen konnte ich schon das Update auf die Version 8.3 testen die nun online gegangen ist. Die...Zum Beitrag: OCR Scanner – QuickSca…,Caschys Blog,https://stadt-bremerhaven.de/ocr-scanner-quickscan-version-8-3-der-scan-app-fuer-ios-mit-neuerungen/,2024-12-11 09:52:50
25,Opentable: Unerwartete Apple-Kalendereinträge sorgen für Verwirrung,"Wer auf einem iPhone oder Mac bei Opentable ein Restaurant anklickt, wird anschließend von einem Kalendereintrag überrascht. (Apple, iPhone)",Golem.de,https://www.golem.de/sonstiges/zustimmung/auswahl.html?from=https%3A%2F%2Fwww.golem.de%2Fnews%2Fopentable-unerwartete-apple-kalendereintraege-sorgen-fuer-verwirrung-2412-191599.html&referer=https%3A%2F%2Ft.co%2F8f594e3fe2,2024-12-11 09:53:02
26,heise+ | Stilvoll streamen: Elgatos Neo-Reihe im Test,"Licht, Kamera, Ton: Wer sich vor seinem Mac gekonnt in Szene setzen will, braucht passende Geräte. Elgatos Neo-Reihe soll helfen. Wir haben sie getestet.",heise online,https://www.heise.de/tests/Stilvoll-streamen-Elgatos-Neo-Reihe-im-Test-10183660.html?wt_mc=rss.red.ho.ho.atom.beitrag_plus.beitrag_plus,2024-12-11 12:00:00
27,"iOS 18.2, iPadOS 18.2 und macOS Sequoia 15.2 starten heute","Die heute Abend stattfindende Aktualisierung der Apple-Betriebssysteme bringt Erweiterungen im Bereich der künstlichen Intelligenz mit. Mit der Veröffentlichung von iOS 18.2, iPadOS 18.2 und macOS Sequoia 15.2 führt Apple mehrere neue Funktionen ein, die das …",Caschys Blog,https://stadt-bremerhaven.de/ios-18-2-ipados-18-2-und-macos-sequoia-15-2-starten-heute/,2024-12-11 14:12:25
28,App Store Awards 2024: 17 Preisträger und ein Wink mit dem Zaunpfahl,"Die Auswahl der Preisträger der diesjährigen App Store Awards von Apple trägt auch eine politische Aussage in sich, analysiert Malte Kirchner.",heise online,https://www.heise.de/meinung/App-Store-Awards-2024-17-Preistraeger-und-ein-Wink-mit-dem-Zaunpfahl-10195243.html?wt_mc=rss.red.ho.ho.atom.beitrag.beitrag,2024-12-11 15:00:00
29,Apple kürt die besten Apps und Spiele 2024,"In seiner jährlichen Auszeichnung der besten Apps und Spiele hat Apple 17 Entwicklungen prämiert. Die Gewinner haben mit ihren Anwendungen und Spielen das Leben der Nutzer bereichert und die digitale Kultur weltweit geprägt, so Apple. Die Auswahl erfolgte dur…",Caschys Blog,https://stadt-bremerhaven.de/apple-kuert-die-besten-apps-und-spiele-2024/,2024-12-11 15:08:58
30,iOS 18.2 und iPadOS 18.2 veröffentlicht: Das ist neu,"Apple hat heute iOS 18.2 veröffentlicht, das weitere Verbesserungen im Bereich der KI mit sich bringt. Allerdings sind einige der neuen Features den neuesten iPhone-Modellen und Nutzern außerhalb der EU vorbehalten. In Deutschland wird man wohl erst ab April …",Caschys Blog,https://stadt-bremerhaven.de/ios-18-2-und-ipados-18-2-veroeffentlicht-das-ist-neu/,2024-12-11 19:03:11
31,macOS 15.2 in finaler Version veröffentlicht,Apple hat soeben die finale Version von macOS 15.2 veröffentlicht. Das Update markiert einen wichtigen Schritt in Apples KI-Strategie und bringt zahlreiche neue Funktionen auf den Mac. Das Gros davon ist bei uns leider wohl erst ab April nächstes Jahr nutzbar…,Caschys Blog,https://stadt-bremerhaven.de/macos-15-2-in-finaler-version-veroeffentlicht/,2024-12-11 19:05:42
32,macOS Sequoia 15.2: Überraschung im Update – Neue MacBook-Air-Modelle enthüllt,"Apple hat mit der Veröffentlichung des macOS Sequoia-15.2-Updates für eine kleine Überraschung gesorgt. Versteckt im Code des Updates finden sich laut macrumors.com nämlich Hinweise auf zwei neue MacBook-Air-Modelle, die offenbar noch in diesem Jahr auf den M…",Caschys Blog,https://stadt-bremerhaven.de/macos-sequoia-15-2-ueberraschung-im-update-neue-macbook-air-modelle-enthuellt/,2024-12-11 20:36:50
33,Apple: macOS-Update bestätigt MacBook Air 13 und 15 mit M4,"Apple hat macOS Sequoia 15.2 veröffentlicht, das eine Überraschung bereithält. Denn das Update enthält neue Hinweise auf kommende MacBook Air mit Apples M4 SoC. Apple hat das Update nämlich auch für zwei Macs veröffentlicht, die noch gar nicht erhältlich sind.",ComputerBase,https://www.computerbase.de/news/notebooks/apple-macos-update-bestaetigt-macbook-air-13-und-15-mit-m4.90643/,2024-12-11 21:27:00
34,Apple Watch: iOS 18.2 und watchOS 11.2 bringen neue Achievements mit,"Apple hat seine neuen Betriebssystemversionen veröffentlicht, zu denen auch iOS 18.2 und watchOS 11.2 gehören. Träger einer Apple Watch kennen die verschiedenen Achievements, die man für bestimmte Dinge einsacken kann. Mit den neuen Release kommt eine neue Ka…",Caschys Blog,https://stadt-bremerhaven.de/apple-watch-ios-18-2-und-watchos-11-2-bringen-neue-achievements-mit/,2024-12-12 07:30:32
35,iOS 18.2: Was steckt im neuen iPhone-Update?,Apple hat mit iOS 18.2 ein neues iPhone-Update veröffentlicht. Im Zentrum steht zwar die hauseigene KI Apple Intelligence. Allerdings liefert das Update auch einige neue Funktionen für Nutzer in der EU.  iOS 18.2 enthält einige Neuerung Apples hauseigenes KI-…,Basicthinking.de,https://www.basicthinking.de/blog/2024/12/12/ios-18-2-was-steckt-im-neuen-iphone-update/,2024-12-12 11:00:35
36,heise+ | iOS 18.2 und macOS 15.2: Wie Sie die neuen Funktionen ausreizen,"Die jüngsten Updates liefern neue Funktionen für iPhones, iPads plus Macs – und bringen sogar von Apple zwischenzeitlich entfernte Features zurück.",heise online,https://www.heise.de/ratgeber/iOS-18-2-und-macOS-15-2-Wie-Sie-die-neuen-Funktionen-ausreizen-10061882.html?wt_mc=rss.red.ho.ho.atom.beitrag_plus.beitrag_plus,2024-12-12 12:00:00
37,iOS 18.2: Das sind die neuen Funktionen des Updates,Apple hat das iOS 18.2-Update mit neuen KI-Funktionen und wichtigen Korrekturen veröffentlicht. Das sind die neuen Funktionen des Updates.,Nextpit.de,https://www.nextpit.de/ios-18-2-update-neue-funktionen,2024-12-12 13:00:00
38,"Sniper Elite 4 für macOS, iOS und iPadOS vorbestellbar",Der Taktik-Shooter Sniper Elite 4 steht kurz vor der Veröffentlichung für Apple-Geräte. Das Spiel kann ab sofort im App Store für iPhone 15 Pro Max und neuer sowie für iPads und Macs mit M1-Chip oder neuer vorbestellt werden. Die Entwickler...Zum Beitrag: Sni…,Caschys Blog,https://stadt-bremerhaven.de/sniper-elite-4-fuer-macos-ios-und-ipados-vorbestellbar/,2024-12-12 15:00:51
39,"World-War-II-Shooter: Sniper Elite 4 kommt am 30. Januar auf iPhone, iPad und Mac","In kleinen Schritt werden iPhone, iPad und Mac auch zu Gaming-Plattformen für AAA-Spiele. Dass man sich für das Apple-Ökosystem mehr Zeit nimmt, zeigt jetzt auch Sniper Elite 4 von Rebellion. Der vor 8 Jahren für PC veröffentlichte Shooter kommt am 30. Januar…",ComputerBase,https://www.computerbase.de/news/gaming/world-war-ii-shooter-sniper-elite-4-kommt-am-30-januar-auf-iphone-ipad-und-mac.90655/,2024-12-12 17:13:00
40,Auch für HomePod mini und neuen Apple TV: Apple entwickelt eigenen Bluetooth- und Wi-Fi-Chip,"Apple arbeitet an einem eigenen Chip, der Bluetooth und Wi-Fi kombiniert. Laut Bloomberg soll der Chip, intern „Proxima“ genannt, ab 2025 in ersten Apple-Produkten zum Einsatz kommen. Den Anfang machen demnach die iPhone-17-Modelle, Apple TV und der HomePod m…",Caschys Blog,https://stadt-bremerhaven.de/auch-fuer-homepod-mini-und-neuen-apple-tv-apple-entwickelt-eigenen-bluetooth-und-wi-fi-chip/,2024-12-12 20:30:41
41,heise+ | heise+ Update vom 13. Dezember 2024: Lesetipps fürs Wochenende,"Der wöchentliche Newsletter von heise+ mit Raspberry Pi 500, Tastatur mit OLED-Displays, Raspi & Co. im Labor, KI auf iPhone nachrüsten und LED-Weihnachtsstern",heise online,https://www.heise.de/news/heise-Update-vom-13-Dezember-2024-Lesetipps-fuers-Wochenende-10196911.html,2024-12-13 14:14:00
42,Kein USB-C: Apple nimmt offenbar iPhone 14 und SE aus dem EU-Verkauf,Die letzten beiden iPhones mit Lightning-Port verschwinden einem Bericht zufolge demnächst aus den Läden des Herstellers. Ablösung ist aber nah.,heise online,https://www.heise.de/news/Kein-USB-C-Apple-nimmt-offenbar-iPhone-14-und-SE-aus-dem-EU-Verkauf-10199336.html,2024-12-13 16:47:00
43,Apple TV+: Neue Serie „Lucky“ mit Anya Taylor-Joy in Planung,Apple TV+ hat heute eine neue Limited Series mit Star-Besetzung angekündigt: „Lucky“ wird mit „Queen’s Gambit“-Star Anya Taylor-Joy in der Hauptrolle verfilmt. Die Serie basiert auf dem gleichnamigen New York Times Bestseller von Marissa Stapley. Taylor-Joy s…,Caschys Blog,https://stadt-bremerhaven.de/apple-tv-neue-serie-lucky-mit-anya-taylor-joy-in-planung/,2024-12-14 08:00:29
44,"News Explorer 2.0: Toller Feed-Reader für iPhone, iPad, Mac und den Apple TV","Vor ein paar Tagen ist News Explorer in Version 2.0 erschienen. Ein RSS-Reader für die Apple-Plattform, den ich mir gekauft habe und erst einmal dran bleibe. Kurzes Vorwort: Ich nutzte, wie viele von euch, damals den Google Reader und bin...Zum Beitrag: News …",Caschys Blog,https://stadt-bremerhaven.de/news-explorer-2-0-toller-feed-reader-fuer-iphone-ipad-mac-und-den-apple-tv/,2024-12-14 11:00:15
45,"Immer wieder sonntags KW 50: Zalando übernimmt About You, OpenAI legt mit der Video-KI Sora los","Zunächst einmal wünsche ich allen Lesern einen schönen 3. Adventssonntag! Ich hoffe ihr hattet bisher eine tolle Woche und freue mich, dass ihr die Zeit gefunden habt, um in diesen Beitrag zu schauen. So findet ihr an dieser Stelle wie...Zum Beitrag: Immer wi…",Caschys Blog,https://stadt-bremerhaven.de/immer-wieder-sonntags-kw-50-zalando-uebernimmt-about-you-openai-legt-mit-der-video-ki-sora-los/,2024-12-15 06:30:19
46,Apple: Objektstandort eines verlorenen Gegenstandes mit anderen teilen,"Apple hat eine neue Funktion für das Wo-ist?-Netzwerk eingeführt, mit der du den Standort deiner AirTags oder Wo-ist?-kompatiblen Zubehörteile sicher mit Dritten teilen kannst. Diese Funktion ist besonders nützlich für Reisende, die ihr verloren gegangenes Ge…",Caschys Blog,https://stadt-bremerhaven.de/apple-objektstandort-eines-verlorenen-gegenstandes-mit-anderen-teilen/,2024-12-15 11:00:50
47,Apple: Faltbarer Hybrid aus Tablet und Notebook soll 2028 erscheinen,"Apple arbeitet an einem neuen Computerkonzept, das die Grenzen zwischen Tablet und Laptop neu definieren soll. Nach Informationen aus dem Unternehmen entwickeln die Designer in Cupertino ein faltbares Gerät in der Größe von zwei iPad Pros. Der Launch ist für.…",Caschys Blog,https://stadt-bremerhaven.de/apple-faltbarer-hybrid-aus-tablet-und-notebook-soll-2028-erscheinen/,2024-12-15 15:00:56
48,Apple soll Design-Probleme der Magic Mouse beheben wollen,Die im Jahr 2009 erstmals vorgestellte Magic Mouse aus dem Hause Apple sieht im Großen und Ganzen nach 15 Jahren immer noch so aus wie zur Markteinführung. Das könnte sich bald ändern. Die Magic Mouse des kalifornischen Soft- und Hardware-Herstellers Apple ze…,T3n,https://t3n.de/news/?p=1663691,2024-12-15 20:14:31
49,Apple plant faltbares iPad – Marktstart ab 2028 denkbar,"Apple arbeitet an einem faltbaren Gerät, das die Größe eines großen iPads haben könnte und aufgeklappt so groß wie zwei nebeneinanderliegende iPad Pros sein soll. Nach Angaben des Wirtschaftsnachrichten-Dienstes Bloomberg feilt Cupertino derzeit an Prototypen…",ifun.de › Apple-News seit 2001,https://www.ifun.de/apple-plant-faltbares-ipad-marktstart-ab-2028-denkbar-245372/,2024-12-16 08:25:36
50,"Apple: Faltbares iPad soll OLED mit 18,8 Zoll ohne Falz bieten",Unter den großen Smartphone- und Tablet-Herstellern ist Apple derzeit der einzige ohne faltbare Geräte. Das soll sich bis 2028 mit einem faltbaren iPad ändern. Für das Tablet mit faltbarem OLED-Display habe sich Apple selbst ein hohes Ziel gesteckt: einen uns…,ComputerBase,https://www.computerbase.de/news/tablets/apple-faltbares-ipad-soll-oled-mit-18-8-zoll-ohne-falz-bieten.90693/,2024-12-16 10:05:00
51,Apple: Magic Mouse soll neu gestaltet werden,"Apple entwickelt wohl eine grundlegend überarbeitete Version der Magic Mouse mit verlegtem Ladeanschluss und mehr Ergonomie. (Eingabegerät, Apple)",Golem.de,https://www.golem.de/sonstiges/zustimmung/auswahl.html?from=https%3A%2F%2Fwww.golem.de%2Fnews%2Fapple-magic-mouse-soll-neu-gestaltet-werden-2412-191729.html&referer=https%3A%2F%2Ft.co%2F15552c2c5e,2024-12-16 10:28:01
52,Apple TV+: Neues Drama „All of You“ mit Brett Goldstein und Imogen Poots angekündigt,"Apple hat mal keinen Thriller oder irgendwas aus der Mystery-Ecke, sondern etwas fürs Herz angekündigt. Dabei handelt es sich um den Film „All of You“, der im nächsten Jahr auf Apple TV+ landen soll. In dem Streifen übernehmen Brett Goldstein...Zum Beitrag: A…",Caschys Blog,https://stadt-bremerhaven.de/apple-tv-neues-drama-all-of-you-mit-brett-goldstein-und-imogen-poots-angekuendigt/,2024-12-16 11:30:39
53,Das sind die am häufigsten heruntergeladenen Apps und Spiele des Jahres 2024 im App Store,"Der App Store von Apple hat auch 2024 wieder Millionen Menschen mit Apps und Spielen versorgt. Zum Jahresende veröffentlicht das Unternehmen nun die Download-Charts, die einen Einblick in die Vorlieben der Nutzer geben. Die Übersicht ist in mehr als 30...Zum …",Caschys Blog,https://stadt-bremerhaven.de/das-sind-die-am-haeufigsten-heruntergeladenen-apps-und-spiele-des-jahres-2024-im-app-store/,2024-12-16 15:48:24
54,iOS 18.3 – Beta 1 für Entwickler ist da,"Apple hat iOS 18.2 veröffentlicht und damit einen nächsten größeren Schritt in Richtung KI-Integration gemacht. Aktuell gehen wir hierzulande noch leer aus, aber das könnte sich Anfang des nächsten Jahres ändern. Währenddessen lässt sich Apple nicht davon abh…",Caschys Blog,https://stadt-bremerhaven.de/ios-18-3-beta-1-fuer-entwickler-ist-da/,2024-12-16 19:10:25
55,"Dienstag: Amazon ignorierte interne Warnungen, Gerüchte um Intel-Fusion",Hohe Verletzungsrate bei Amazon-Arbeitern + Rettungspläne für Intel + Warnung vor ePA für Kinder + Konflikt um KI-Verordnung + Änderungen beim iPhone-Design,heise online,https://www.heise.de/news/Dienstag-Amazon-ignorierte-interne-Warnungen-Geruechte-um-Intel-Fusion-10202229.html,2024-12-17 06:15:00
56,"Deutschlandticket-Finanzierung für 2025 steht, es wird teurer","Nach intensiven Verhandlungen haben sich SPD, Grüne und Union auf eine Finanzierung des Deutschlandtickets für das Jahr 2025 geeinigt. Diese Einigung sichert die Fortführung des Angebots zu einem Preis von 58 Euro pro Monat, bisher werden 49 Euro fällig. Die.…",Caschys Blog,https://stadt-bremerhaven.de/deutschlandticket-finanzierung-fuer-2025-steht-es-wird-teurer/,2024-12-17 07:00:09
57,macOS 15.3: Beta bringt Genmoji-Erstellung mit,"Mit der ersten Beta von macOS Sequoia 15.3 hält eine neue Funktion Einzug auf den Mac: Genmoji. Dieses Feature, das Apple bereits in iOS 18.2 und iPadOS 18.2 eingeführt hat, erlaubt es Nutzern, eigene Emoji-Charaktere durch Texteingabe zu kreieren. Die...Zum …",Caschys Blog,https://stadt-bremerhaven.de/macos-15-3-beta-bringt-genmoji-erstellung-mit/,2024-12-17 09:00:25
58,"KI-Update kompakt: Meta FAIR, Apple Intelligence, KI-Chip-Export, Veo2 & Imagen3","Das ""KI-Update"" liefert werktäglich eine Zusammenfassung der wichtigsten KI-Entwicklungen.",heise online,https://www.heise.de/news/KI-Update-kompakt-Meta-FAIR-Apple-Intelligence-KI-Chip-Export-Veo2-Imagen3-10203279.html,2024-12-17 15:00:00
59,iOS 18.3: Diese Neuerungen bringt das nächste Apple-Update aufs iPhone,Das nächste Betriebssystem-Update für iPhones ist in der Mache: Mit iOS 18.3 dürften die nächsten Funktionen des „Apple Intelligence“-Pakets verteilt werden. Außerdem kommen Smarthome-Fans wohl endlich auf ihre Kosten. Nach den Veröffentlichungen von iOS 18.1…,T3n,https://t3n.de/news/ios-18-3-update-iphone-1664310/,2024-12-18 10:27:07
60,EU-Kommission: Apple soll iPhone kompatibler mit Geräten anderer Hersteller machen,"Die EU-Kommission will, dass Apple-Geräte mit den Produkten von Konkurrenten genauso gut funktionieren wir mit hauseigenen. Der Konzern warnt vor Datenschutz-Risiken.",Die Zeit,https://www.zeit.de/digital/2024-12/eu-kommission-aufforderung-apple-oeffnung-smartphones,2024-12-19 04:09:29
61,Apple soll das iPhone weiter öffnen – was die EU-Kommission fordert,"Dass Apples Geräte gut miteinander zusammenspielen, ist bisher ein Kaufargument. Brüssel will, dass es für Konkurrenten genauso läuft. Apple warnt vor Datenschutz-Risiken. Die EU-Kommission drängt Apple dazu, das iPhone noch stärker für Rivalen zu öffnen. Dad…",T3n,https://t3n.de/news/?p=1664502,2024-12-19 08:41:43
62,"Mac Mini, Macbook und Co.: Für wen lohnt sich ein Upgrade vom Apple M1 auf den M4?","Nach vier Jahren denken sicher einige Menschen über ein Upgrade vom M1-Mac auf die neue Generation nach. Das lohnt - aber nicht immer. Ein Ratgebertext von Oliver Nickel (Apple Silicon, Apple)",Golem.de,https://www.golem.de/sonstiges/zustimmung/auswahl.html?from=https%3A%2F%2Fwww.golem.de%2Fnews%2Fmac-mini-macbook-und-co-fuer-wen-lohnt-sich-ein-upgrade-vom-apple-m1-auf-den-m4-2412-191834.html&referer=https%3A%2F%2Ft.co%2F9caffb635e,2024-12-19 12:30:02
63,Neues iPhone 17 sieht aus wie ein Pixel-Smartphone: Lässt sich Apple jetzt bei Google inspirieren? (Leak),"Google steht mit den Pixel-Smartphones in direkter Konkurrenz zum Apple iPhone und hat sich schon in so manchen Bereichen inspirieren lassen - warum auch nicht? Jetzt deuten aktuellen Leaks darauf hin, dass das auch umgekehrt gilt, denn durchgesickerte Bilder…",Googlewatchblog.de,https://www.googlewatchblog.de/2024/12/neues-iphone-17-sieht-aus-wie-ein-pixel-smartphone-laesst-sich-apple-jetzt-bei-google-inspirieren-leak/,2024-12-19 14:26:22
64,iPhone: Apple soll Abo-Pläne begraben haben – diese Alternativen gibt es,Schon lange steht ein Abomodell fürs iPhone im Raum. Die Theorie: Ihr zahlt monatlich an Apple und bekommt dafür jährlich ein neues Gerät. Doch offenbar ist dieser Plan nicht so einfach umzusetzen. So geht es in Deutschland trotzdem. Warum noch ein iPhone zum…,T3n,https://t3n.de/news/apple-iphone-abo-plaene-begraben-diese-alternativen-gibt-es-1664505/,2024-12-19 14:45:52
65,USB-C wird Pflicht: Apple nimmt ältere iPhones tatsächlich aus dem Angebot,"Direkt nach Weihnachten verschwinden iPhones mit Lightning-Port aus dem Angebot, bestätigt Apple. Im Handel dürfte es die Geräte noch länger geben.",heise online,https://www.heise.de/news/USB-C-wird-Pflicht-Apple-nimmt-aeltere-iPhones-tatsaechlich-aus-dem-Angebot-10216595.html,2024-12-19 17:18:00
66,Apple 2024: So bewegt war das Jahr | Mac & i-Podcast,"Viel Hardware, eine riesige KI-Initiative, die EU-Zwangsöffnung von iOS, neue Health-Funktionen, Apples 2024 hatte es in sich. Wir blicken zurück und voraus.",heise online,https://www.heise.de/news/Apple-2024-So-bewegt-war-das-Jahr-Mac-i-Podcast-10217390.html,2024-12-20 11:35:00
67,Anzeige: Apple iPad jetzt pünktlich zu Weihnachten bei Amazon sichern,"Noch gibt es die Chance, Geschenke pünktlich zum Weihnachtsfest zu bestellen. Bei Amazon ist das Apple iPad noch immer im Sonderangebot. (iPad, Apple)",Golem.de,https://www.golem.de/sonstiges/zustimmung/auswahl.html?from=https%3A%2F%2Fwww.golem.de%2Fnews%2Fanzeige-apple-ipad-jetzt-puenktlich-zu-weihnachten-bei-amazon-sichern-2412-191907.html&referer=https%3A%2F%2Ft.co%2Fd1c885b2bf,2024-12-20 13:54:01
68,Für begrenzte Zeit: Diese iOS- und Android-Apps sind gratis erhältlich,Entdeckt zeitlich begrenzte Gratis-Apps und Spiele im Apple App Store und Google Play Store für ein unterhaltsames Wochenende!,Nextpit.de,https://www.nextpit.de/kostenlose-apps-2024-02-52,2024-12-21 10:00:00
69,Neues Macbook Pro: Stiftung Warentest kürt den besten Laptop aller Zeiten,Kurz vor Jahresende hat die Stiftung Warentest zwei aktuelle Spitzen-Notebooks des Herstellers Apple auf den Prüfstand gestellt – mit beeindruckenden Ergebnissen. Das neue Macbook Pro sorgte regelrecht für Begeisterung: Das 16-Zoll-Modell wird von den Tester:…,T3n,https://t3n.de/news/neues-macbook-pro-stiftung-warentest-kuert-den-besten-laptop-aller-zeiten-1665094/,2024-12-21 12:45:12
70,Von SE bis Pro Max: Welches iPhone ist das Richtige für euch?,Die neue iPhone-Generation ist seit September verfügbar – aber lohnt sich trotzdem der Kauf eines älteren Apple-Smartphones? Und welches Modell ist eigentlich das Richtige für euch? Wir klären die wichtigsten Fragen. Auf den ersten Blick ist das Produktportfo…,T3n,https://t3n.de/news/iphone-se-pro-max-das-richtige-1641773/,2024-12-21 15:00:00
71,App-y Holidays: So verschenkt Ihr Apps auf dem iPhone oder Android-Handys,"Wollt Ihr eine App oder ein Spiel schenken? Wir zeigen Euch eine Schritt-für-Schritt-Anleitung, wie Ihr einem iPhone- oder Android-Nutzer Apps schenkt.",Nextpit.de,https://www.nextpit.de/wie-ios-android-apps-verschenken-anleitung,2024-12-22 12:00:01
72,Apple AirPods: Neue Gesundheitsfunktionen in Entwicklung,"Apple plant laut Newsletter des Bloomberg-Autoren Mark Gurman Erweiterung der Funktionalität der AirPods. Die Ohrhörer sollen in Zukunft verschiedene Gesundheitsfunktionen bieten, darunter die Überwachung der Herzfrequenz und Temperaturmessung. Das hört man j…",Caschys Blog,https://stadt-bremerhaven.de/apple-airpods-neue-gesundheitsfunktionen-in-entwicklung/,2024-12-22 19:30:59
73,iOS 19 und iPadOS 19: Diese iPhones und iPads werden voraussichtlich das Update erhalten,"Apple wird im kommenden Jahr iOS 19 und iPadOS 19 vorstellen, die neuen Betriebssysteme für iPhones und iPads. Die Präsentation findet traditionell auf der Entwicklerkonferenz WWDC im Juni statt. Nach aktuellen Informationen deutet sich an, dass alles, was iO…",Caschys Blog,https://stadt-bremerhaven.de/ios-19-und-ipados-19-diese-iphones-und-ipads-werden-voraussichtlich-das-update-erhalten/,2024-12-22 20:01:02
74,Apple TV+: Erste Details zu „Fountain of Youth“ von Guy Ritchie,"Apple TV+ hat erste Details zu „Fountain of Youth“ enthüllt, dem neuen Abenteuerfilm von Regisseur Guy Ritchie mit John Krasinski und Natalie Portman in den Hauptrollen. Der Film, den Ritchie selbst als „moderne Version von Indiana Jones“ beschreibt, folgt zw…",Caschys Blog,https://stadt-bremerhaven.de/apple-tv-erste-details-zu-fountain-of-youth-von-guy-ritchie/,2024-12-23 06:30:30
75,Apple: Airpods sollen Fitness-Tracker werden,"Apples Airpods sollen einen Pulsmesser und einen Körpertemperatursensor bekommen, um wie eine Apple Watch Körpermesswerte zu liefern. (Airpods, Apple)",Golem.de,https://www.golem.de/sonstiges/zustimmung/auswahl.html?from=https%3A%2F%2Fwww.golem.de%2Fnews%2Fapple-airpods-sollen-fitness-tracker-werden-2412-191933.html&referer=https%3A%2F%2Ft.co%2F0e7edd2cc6,2024-12-23 09:31:01
76,"Gerüchte zu iOS 19 & iPadOS 19: iOS-18-iPhones bleiben im Support, einige iPads fallen raus","Erste Gerüchte zu iOS 19 prophezeien, dass erneut alle iPhones unterstützt werden, welche aktuell auch iOS 18 unterstützen. Damit sollen alle iPhones seit dem iPhone Xs aus dem Jahr 2018 das neue Betriebssystem als kostenloses Update erhalten. Für iPadOS sieh…",ComputerBase,https://www.computerbase.de/news/betriebssysteme/geruechte-zu-ios-19-und-ipados-19-ios-18-iphones-bleiben-im-support-einige-ipads-fallen-raus.90786/,2024-12-23 10:15:00
77,"Frische Apple-Gerüchte: AirPort-Nachfolger, Türklingel und Herzfrequenz-AirPods","Apple hat offenbar vor, ein neues Smart-Home-Gerät einzuführen und erweitert angeblich die AirPods Pro 3. Doch dabei wird es nicht bleiben.",heise online,https://www.heise.de/news/Frische-Apple-Geruechte-AirPort-Nachfolger-Tuerklingel-und-Herzfrequenz-AirPods-10218814.html,2024-12-23 12:03:00
78,Bericht: Auf die Altersangaben in Apples App-Store ist nicht immer Verlass,Viele Apps im Apple-App-Store sind nicht so kindersicher wie angegeben. Das zeigt zumindest ein Report von zwei Elternschutzgruppen. Knapp zwei Stunden verbringen Kinder und Jugendliche laut einer Bitkom-Studie am Smartphone. Sie zocken oder vernetzen sich au…,T3n,https://t3n.de/news/?p=1665200,2024-12-23 12:45:02
79,LLM-Beschleunigung: Apple kooperiert mit Nvidia,Mit der Software ReDrafter soll die Ausführung großer Sprachmodelle auf Nvidia-GPUs signifikant flotter werden. Das Werkzeug ist quelloffen.,heise online,https://www.heise.de/news/LLM-Beschleunigung-Apple-kooperiert-mit-Nvidia-10218836.html,2024-12-23 13:01:00
80,Apple-Ärger in Indonesien: Mit einer Milliarde aus dem iPhone-16-Verbot,Seit Monaten darf Apple seine iPhone-16-Generation im viertgrößten Land der Erde nicht verkaufen. Der Grund war ein Streit um Investments. Ist der nun beendet?,heise online,https://www.heise.de/news/Apple-Aerger-in-Indonesien-Mit-einer-Milliarde-aus-dem-iPhone-16-Verbot-10218840.html,2024-12-23 18:44:00
81,iPhone Air: Ultradünnes Apple-Smartphone soll deutlich günstiger werden als befürchtet,"Seit Monaten wird über ein ultradünnes Apple-Smartphone spekuliert, das im Herbst 2025 als iPhone 17 Slim oder iPhone Air erscheinen könnte. Jetzt gibt es neue Informationen zum Preis – und der soll geringer sein als befürchtet. Geht es nach den seit Monaten …",T3n,https://t3n.de/news/?p=1665338,2024-12-23 19:20:57
82,MacBook Air mit M4-Chip soll „früher“ kommen,"Das Frühjahr 2025 soll prall bestückt werden mit neuen Produkten von Apple. Den Anfang könnte dabei das MacBook Air machen, das mit dem M4-Chip versehen wird. Anscheinend soll es allenfalls per Pressemitteilung angekündigt werden – dafür aber schon überrasche…",Maclife.de,https://www.maclife.de/news/macbook-air-m4-chip-soll-frueher-kommen-mac-life-100125279.html,2024-12-24 10:24:18
83,Apple iPad 11 - Neues Tablet soll schon bald kommen und Apple Intelligence erhalten,Im Frühjahr 2025 erwartet uns von Apple wohl nicht nur ein neues iPhone.,GameStar,"https://www.gamestar.de/artikel/ipad-11-release-apple-intelligence-tablet,3425050.html",2024-12-24 11:39:00
84,Geniale Tipps: Diese 31 iPhone-Hacks müsst Ihr kennen,"Ihr glaubt, Ihr seid iPhone-Profis? Wir wetten, dass Ihr diese 31 iPhone-Hacks noch nicht alle kennt – insbesondere iOS 18 bringt ein paar starke Tricks!",Nextpit.de,https://www.nextpit.de/ios-iphone-tipps-und-tricks-12-2024,2024-12-26 15:00:00
85,"Nvidia, Palantir und Microstrategy waren die Tech-Aktien 2024","Die Magnificent Seven haben geliefert. Im Börsenjahr 2024 stellten Apple, Nvidia, Meta & Co. Rekorde am Fließband auf. In der zweiten Reihe war noch mehr drin.",heise online,https://www.heise.de/hintergrund/Nvidia-Palantir-und-Microstrategy-waren-die-Tech-Aktien-2024-10217329.html?wt_mc=rss.red.ho.ho.atom.beitrag.beitrag,2024-12-27 10:51:00
86,Neuheiten und Updates: Apples Pläne und Ankündigungen für Anfang 2025 im Überblick,"Das Jahr 2024 geht dem Ende entgegen. Apple-Fans haben neben Silvester noch einen anderen Grund zu feiern, denn schon Anfang 2025 verspricht Apple 6 große Neuheiten.
Dieser Artikel wurde einsortiert unter 
Apple,Technology.",netzwelt,https://www.netzwelt.de/news/237506-neuheiten-updates-apples-plaene-ankuendigungen-anfang-2025-ueberblick.html,2024-12-27 13:50:38
87,Elektronische Kleingeräte: USB-C: Ein einheitliches Ladekabel für alle,Hier finden Sie Informationen zu dem Thema „Elektronische Kleingeräte“. Lesen Sie jetzt „USB-C: Ein einheitliches Ladekabel für alle“.,Die Zeit,https://www.zeit.de/news/2024-12/28/usb-c-ein-einheitliches-ladekabel-fuer-alle,2024-12-28 04:30:36
88,iOS 19: Unterstützung für alle bisherigen Modelle?,Ab Sommer 2025 ist wieder mit Apples nächstem Smartphone-Betriebssystem zu rechnen. Nun gibt es Infos zur Kompatibilität.,heise online,https://www.heise.de/news/iOS-19-Unterstuetzung-fuer-alle-bisherigen-Modelle-10220021.html,2024-12-28 12:29:00
89,"Big-Tech-Ausblick 2025: Gelingt Apple, Nvidia & Co. der Hattrick?","Nach zwei starken Börsenjahren blicken Tech-Aktionäre gebannt auf 2025, das viele Chancen bietet – aber gleichermaßen großes Enttäuschungspotenzial.",heise online,https://www.heise.de/hintergrund/Big-Tech-Ausblick-2025-Gelingt-Apple-Nvidia-Co-der-Hattrick-10221479.html?wt_mc=rss.red.ho.ho.atom.beitrag.beitrag,2024-12-30 10:00:00
90,Das Apple-Jahr 2024: Für mich gab es vor allem ein Highlight – und es ist nicht das iPhone,"Das Jahr 2024 schließt seine Türen und ich blicke zurück auf Apples Produktvorstellungen der letzten 12 Monate. Nicht alle Wünsche der Nutzerinnen und Nutzer wurden erfüllt, allerdings sticht ein Highlight für mich heraus. Doch es gibt auch einen bedauerliche…",Giga,https://www.giga.de/tech/das-apple-jahr-2024-fuer-mich-gab-es-vor-allem-ein-highlight-und-es-ist-nicht-das-iphone--01JEV3GF4JPQ1YHP40SAFNZRKY,2024-12-30 11:30:00
91,Endspurt: iPhone 16 Pro mit Telekom-Tarif und Cashback sichern,Bei LogiTel könnt Ihr Euch das Apple iPhone 16 Pro mit passendem Telekom-Tarif und Cashback schnappen. nextpit hat alle Details zum Deal für Euch.,Nextpit.de,https://www.nextpit.de/endspurt-iphone-16-pro-mit-telekom-tarif-und-cashback-sichern,2024-12-30 12:02:23
92,Apple TV+: 2 Tage alle Inhalte kostenlos ansehen,"Apple hat bereits seit mehreren Tagen eine Ankündigung für Apple TV+ über X in Aussicht gestellt, nun ist klar, worum es geht: Am kommenden Wochenende, also dem 4. und 5. Januar, kann man alle Inhalte des Streaming-Angebots von Apple TV+ komplett kostenlos sc…",ComputerBase,https://www.computerbase.de/news/apps/apple-tv-plus-2-tage-alle-inhalte-kostenlos-ansehen.90820/,2024-12-30 17:22:00
93,Streaming: Apple TV+ ein Wochenende lang gratis nutzbar,"Apples Streamingdienst Apple TV+ kann am ersten Wochenende im Januar 2025 kostenlos genutzt werden - ideal für einen Serienmarathon. (Apple TV+, Apple)",Golem.de,https://www.golem.de/sonstiges/zustimmung/auswahl.html?from=https%3A%2F%2Fwww.golem.de%2Fnews%2Fstreaming-apple-tv-ein-wochenende-lang-gratis-nutzbar-2412-192041.html&referer=https%3A%2F%2Ft.co%2F5b527d7644,2024-12-30 17:38:01
94,Das Apple-Jahr 2024 im Rückblick,"Wir blicken nicht nur auf ein weiteres Jahr mit Apple zurück, sondern haben inzwischen 23 Jahre ifun.de hinter uns. Eine verdammt lange Zeit, über die hinweg uns vor allem der stetige Zuspruch durch unsere Community immer wieder aufs Neue inspiriert hat. Auch…",ifun.de › Apple-News seit 2001,https://www.ifun.de/das-apple-jahr-2024-im-rueckblick-245993/,2024-12-31 09:19:44
95,Mac mini und MacBook Pro: M4 Mac mit Anzeigeproblemen auf Ultrawide-5K2K-Monitoren,"Besitzer von M4-Macs haben erhebliche Kompatibilitätsprobleme mit Ultrawide-Monitoren, insbesondere mit solchen, die eine Auflösung von 5120 x 2160 Pixeln aufweisen. (Apple Silicon, Display)",Golem.de,https://www.golem.de/sonstiges/zustimmung/auswahl.html?from=https%3A%2F%2Fwww.golem.de%2Fnews%2Fmac-mini-und-macbook-pro-m4-mac-mit-anzeigeproblemen-auf-ultrawide-5k2k-monitoren-2412-192048.html&referer=https%3A%2F%2Ft.co%2F49f9b5cdde,2024-12-31 12:40:02
96,Gegenstand mit AirTag verloren? Dieser Trick verbessert Eure Chancen,"Habt Ihr einen Apple AirTag oder ein Gepäckstück mit dem Tag verloren? Wenn Ihr die Position teilt, erhöht Ihr die Chancen, Eure Sachen wiederzubekommen.",Nextpit.de,https://www.nextpit.de/wie-mit-find-my-verlorenen-airtag-finden-anleitung,2024-12-31 13:00:00
97,Apple Notizen: Automatische Übersicht von Terminen und Erinnerungen mittels Kurzbefehl,"Wer hier des Öfteren mitliest, der weiß, dass ich möglichst viel mit Bordmitteln erreichen möchte. Im Falle meines Setups mit Mac, iPad und iPhone bedeutet dies für private Belange: Apple Erinnerungen und Apple Notizen. Bezüglich meiner Nutzung habe ich hier.…",Caschys Blog,https://stadt-bremerhaven.de/apple-notizen-automatische-uebersicht-von-terminen-und-erinnerungen-mittels-kurzbefehl/,2024-12-31 17:00:25
98,HomeWatch: Eine Steuer- und Dashbord-App für Apple Home,"Ein Entwickler aus den Niederlanden hat eine mit HomeWatch eine Lösung geschaffen, die ursprünglich für die Apple Watch konzipiert wurde und sich zu einer umfassenden Steuerungszentrale für alle Apple-Geräte entwickelt hat. Die könnte man meines Erachtens gut…",Caschys Blog,https://stadt-bremerhaven.de/homewatch-eine-steuer-und-dashbord-app-fuer-apple-home/,2025-01-01 11:00:54
99,Apple: Leaker deutet Neupositionierung des iPhone SE an,"Apple hat mit dem Budget-Smartphone iPhone SE offenbar einiges vor: Es soll wohl stärker in das aktuelle Portfolio eingebunden werden. (iPhone SE, Smartphone)",Golem.de,https://www.golem.de/sonstiges/zustimmung/auswahl.html?from=https%3A%2F%2Fwww.golem.de%2Fnews%2Fapple-leaker-deutet-neupositionierung-des-iphone-se-an-2501-192056.html&referer=https%3A%2F%2Ft.co%2F10d96823e7,2025-01-01 12:22:02
