Title,Link,Timestamp,Language
Gratis-Wochenende bei Apple TV+ - heise online,https://news.google.com/rss/articles/CBMiekFVX3lxTFBFSi1hQWtYWmNheE9zd3NNMVRrcWYxOXp4OTh0MDZhYjczcHhXUXFldFljRnZXU1NnMFM5YWhndzRadjhNLUM3alNEbWdjMDVzRUFtajZvaTY3MHl2bHFhTnpYSHZNTWg2a3g1U0ZtZHFiazQxS3FoNzRB?oc=5,2025-01-02 09:51:00,de
Apple TV+: So kannst du jetzt völlig kostenlos schauen – ab dem 3. Januar - futurezone.de,https://news.google.com/rss/articles/CBMinAFBVV95cUxQeTQzcE9SNGdHVE1UeHltc1NHemd6b25VY0lKdTFZcG1ndTN1Rm9xakYzNnFFcTRzYmFyLVVtODZsZGJmdGsySngxVVp0amlERTAtQnhkdDNmeF9jam9IbjRldWpmNVRTTDZBYWFoWWR3MGVOeXdyemE5cEV2dVNyWUl0Z243WmExN2lienVuaVVrQ2VqOXMxRks5RzQ?oc=5,2025-01-02 14:25:27,de
Apple: Angebliches Abhören via Siri – Unternehmen legt Vorschlag für Einigung vor - DER SPIEGEL,https://news.google.com/rss/articles/CBMi5gFBVV95cUxOUkdDaXVHbGJRNnV5ZTRrM1hORGYzZlJSNk1FRW5OTmhTTmJiVVE4R3JvSE1ya3JvaU5kMFRvcWsyWW5SbEFQeGlST3VKdmNDMXk2eTB5QUtfSGcxQnZUWHlKSkRaNi12N2V0SktqV2lPdTVWT2VrR3BwZEw1YTlYN011Mk5SUDVxUXRjd0J5bVdoTkNhbkR1aFRkUUh2cE5ja2xLVno3cXJOOWZaUUFGdnFMbXJIS3N4OWlZVEMxZ3Rud0IxZVJlT0stbHpUTVp5WElGUnpmM1BDOVhPcHp6Snl2RldyZw?oc=5,2025-01-02 21:34:00,de
Apple Watch Series 10 erklärt: Was sind die Vorteile der neuen Smartwatch? - TVMovie.de,https://news.google.com/rss/articles/CBMirAFBVV95cUxOakJkeWdibjUzdFZXLVMza0Q1ZWlpRWtLZFBwelNfWkF5TXNRNmZ5MWRxazQ4QzdHbzVYWDk5dThBYXRCLW9hY2NTUXVLWmxOd1ViSTQ4c1FGbTV4a0RIcEJhcGJ0U0xtVDBQRTY3YVM3UFZrY2xtOHBLYzEwTHFxTXlUdXBzX0paUTZPNnJ1djNIdHpRMlpmY1ZnZzJiVzJzSUJiOUdBUHVkVUlM?oc=5,2025-01-03 00:54:28,de
iPhone SE 4: Mit diesem Trick will Apple neue Kunden gewinnen - GIGA,https://news.google.com/rss/articles/CBMiswFBVV95cUxPLVNkUVgzbWJKSFhDZVdBVWdZRFk3ZTl0QWVfbVJzeDJZSld3MnF4cUl5MXhpaFVBMFJENnZSUkRwaVFHT3hIaENrbkV2LUhWTU42dERWOGhuaFRBQTBWaC1aOWxFOFlyMTFOcFQ2X0VHOHN0R2tWM2F1NDVYS1Q4UHhEd0F1QUFra0VhNjNTLUZoT002LXFBekVVZzJzcWJUWnVPcEd1bWZjc01GTnJVUlRITQ?oc=5,2025-01-02 07:43:33,de
Apple gewährt hohe iPhone-Rabatte und will damit Huawei in Schach halten - FOCUS Online,https://news.google.com/rss/articles/CBMi7AFBVV95cUxOaXYwckdZcjV0RnhHRENMdWlFdlFXRnA5aHNyeTE4UFJLejFaSmZyZjFsbmtHMWhndlZBRVVSMDB0SFhKSmNxWGZHODUwcmI2WDdUUWhtSTBTQkUwU082cTlRZzZLZlpoVjFManVkclVXQ1UxZDdrRmZFTzlJVm5vVHR4UzV3T1ZaRGdHSDNzd2cyUU5tM2QwUmZDbHRJY2cyeEg2RVpIY0xQUDhSM053MlRCOGY4RFN3ZmxNeHNDRU1UQkhWXzZWQnJLU0lKS3BFbDFsWm4xNXVya2xVMkxHcHN2RzdMZ1FFNEtvYtIB7AFBVV95cUxNSHZfbmhvTU9VVXBZYVU3R0hhNmdhdlBxV1c5WUpXbU9nd1dGVXE2RXYxc1FMTjkzRzlBdi1CaXlNX0I5aGRQWUV2dTBvM1JIV3RDR2cxNUhXWF9LYXRSUElwMnUxMUFuXzF2SGJBeVBsd2pVUXlBbmNCVGNkYVRoSlhSdWd3cXFUbHdNYWJxaU0wUEN2NDkwTW5wR19RUFhtdms5dTRyRENPMHY4cXNkRG9LLVFDeFFXWk1jal91RmtCb3A4Q29fc3ZMLW8wVHN6V2IzQk5BRlZZREM0eE0xSXdfeGNMWjEwbTNJNg?oc=5,2025-01-02 18:55:00,de
Apple mit Kursrutscher: Rabattschlacht in China - DER AKTIONÄR,https://news.google.com/rss/articles/CBMipgFBVV95cUxQYks4bVVENnRENmZRYVVnbUp3OUUzbldtMS14Mnlock1MbERTbnU0UDF1c3NuVFZnSnA1eG8yTVhoRGVsQXNaNXRxTTc1RjgxZU12SHpNd2EyeGVXem9ONnQ1aS15WERLT3Y3cHpJdU5yRHQyd1BNVEJzd1FaNDBEWEtJWjZjQlNKYzhIVmxmUW96Q1hmNWgxQ1ZMcTh3SmhWdzZHRjF3?oc=5,2025-01-02 17:02:51,de
"Apple zahlt 95 Millionen US-Dollar, um Datenschutzklage gegen Siri beizulegen - Caschys Blog",https://news.google.com/rss/articles/CBMiqgFBVV95cUxNMGtHTndyWXBWQUJWS05JMkt3U29raGZOSjdoU0Z6TVBpZm5MazFoYlJHdVVVbXlOYUtrbWNFaUpET2pqMW14VjM1RFZqS2Jrc05mRUpHVnJiN2Vha2VwdTN1Vm5LX3hoMjJrZDZRUnVXYzNJVUQyRURSZ0NrYmIzNnE4LWhpQTdUUlJ1WHZ6ZlMzSzMxN29OQ0RsWWRZZGJYTVdLbE5jY1RGZw?oc=5,2025-01-02 19:07:00,de
iPhone: Apple bietet Sonderrabatte auf neueste Modelle in China an - manager magazin,https://news.google.com/rss/articles/CBMi5wFBVV95cUxNd0NGaFZGU3hQWmlrNzBhcEY1S3hkajZad183QWx4d2JxcVh3T0t2Mk9vMXRkblBLX0MwNUE1N01tN1ppNzV5Ti1iNDZwbVlINndvQmZ4OTR6V3hOd0lscDZueHZmWWQzN3J2YlZmZFlqMWJQT21Hd3ZJRHZUOTlCT1NXSXR3NlktSEt4WjVicERIZEg5ekxOMU1wSkpBaFRDQ1BwdWFtSVRyWndrZnNmQlU0bG5YUW12LTlXcXVvWXREOURVYzNIQVFZd2VpSC1DYVlvR3dSSUw1MXhMekprMEtHcFZwc0E?oc=5,2025-01-02 10:26:00,de
Apple: CarPlay 2.0 lässt auf sich warten - autobild.de,https://news.google.com/rss/articles/CBMijwFBVV95cUxNNHBGYTk3OXJHTm1PUFRWb0xkWVQ4a1hPVHBoRzVybVpoa1d5d3pVU01Ob25aQlgwWWRHbURlQ0JLWVRHdm1DN3dSOHVfSXpZeE9kX0NlWlNLd2YxeGZxUDJmdWxfNVJORHB3b3RNMTRCZDRXU05KYnY4RmxhU1ZaNnN5aVp5X3NxU0Vzci00RQ?oc=5,2025-01-02 13:48:02,de
Bericht: Produktionsstopp der Apple Vision Pro? - MacTechNews.de,https://news.google.com/rss/articles/CBMingFBVV95cUxPZFdQSXRSd1NuemRXYWJvYXBCM0xiTWF2U3JPLXlGQXp5bHRGcTU5X1ZaeUhILXdoeHBWMEdVc3c3ZVMxM0NadHZqWG1JcTd6R0dic1Z6VlJ2al80QXZhU1lsOU9CRS1jRUpLaTlvOGd5bXR1NVE1SFplNEdkd25QSlc3bzRvdkdmbWZyQWRabjZsSU94WEFQR3g2enFyUQ?oc=5,2025-01-02 14:10:00,de
Neue iPhone-Funktion in der Kritik: Teilt Apple deine Fotos ohne Zustimmung? - t3n – digital pioneers,https://news.google.com/rss/articles/CBMiekFVX3lxTE1WMXczc1BlU0NEemRvTjVwLW9XY0M0UldQektjLVI1cDh5QUZCSDNmYkYwbkhtYlllYVRrX3JGVUY1WVhRdllhQi04UjhnUUl6RUhULXp2MU5xLXllMUExMVNTTXRSUDhmQVJ4NWloTldsVHdaZzdETURR?oc=5,2025-01-02 10:55:00,de
Apple-Aktie: China! - Finanztrends,https://news.google.com/rss/articles/CBMiWkFVX3lxTFBVXzJJQjl4STlGcmxxcXZDWHgtSjJGRjFTanQ0NFpGWjFnYnRVazRZbHJ4RUFZTU0wX1RKczVsOUhtelMxN28taU1fajNBdDJ4RlNHeTYxb2VyUQ?oc=5,2025-01-02 16:10:23,de
"Macs mit Apple M4 haben Probleme mit ultrabreiten Monitoren, laut Nutzer-Berichten - Notebookcheck.com",https://news.google.com/rss/articles/CBMiwwFBVV95cUxQc0JLcWFwT29WbW1YQkhIak0xVGxNYXQ3ZGNMQ0NmY0h0YUxmUWFEME5fcnhPcUY4OUNpUXB5MWpWb1NmYTcwV2NCLTFpRDdzVzVLMVcxMFhhTkptbjlYdS1EWUtfOUlUeHAyN2Q3UHRZcHlHQTRHLUZfN1BaWmdWRjJ6ZDY1bmZOeEpDTFhycUN0MF81Njh2dUgzWjNPN21OMEtyOHlBd0xZZjZVUm4wWDRNYXlickhmcEhpbklGMDJhb2c?oc=5,2025-01-02 18:43:00,de
"Gerüchte aus Asien: Apple-Maus mit Spracherkennung, teures iPhone SE 4 - heise online",https://news.google.com/rss/articles/CBMirgFBVV95cUxOdFpmRm5DRjdBWWtRVzhZa3BiVGUwREFUbFMzTWw4YVJ0VmZNMjh4RmdEeTdpYjd5YWZ2aWhMQmFDSFZkQklIRjZGQWlrdEc2MDA4SDd2U2RTZ0J0T1h1cUxiQ3FsTDctdVBySW5rYUFEc2FVXzRWelRnLWxSVEhoNTRfZ19CTGw0RHFkMFN6ZmNlZFpUWmg2TEhiT1V6OHhrbmREQ2thZXd2UUFqNXc?oc=5,2025-01-02 09:25:00,de
Apples iPhone 16 Pro im neuen Jahr zum besten Preis sichern - TVMovie.de,https://news.google.com/rss/articles/CBMimgFBVV95cUxNQWJtMFYtRkhOdnpCUHpUcThOSjQxTmlDeExKZUhuai1FeW9DelRTV0NGX2RzZWJLWl82R29CR0g0M2pwMXd5Tm5SQW50TkhvQnM2WjRiUEFDX2xhTzFnU1pZd0xwU2VmemY5NjMtTzNvbnAtS1lubTNYU3MxRnBuY0VoX2ZjQ3pLMlA0UEJpSi15ZHBETTAwY0Fn?oc=5,2025-01-03 00:52:46,de
Apple soll Produktion der Vision Pro eingestellt haben - t3n – digital pioneers,https://news.google.com/rss/articles/CBMid0FVX3lxTE4zcF80bzc0TE50T2FET3Bib241Q1VDcDllUkdsaGFhT2V1NG9Kd19SOHRRLTh2eXpkNFRxd1lzR1VHMGVwOGhwYmtTVUNRS2xLM0lzWjFHd0NwRFVLcXpvdDVLdDlBRVpReWoxS2tKQ0F1SldEa3Jr?oc=5,2025-01-02 18:00:12,de
Apple auf dem Weg zur 4-Billionen-Firma - heise online,https://news.google.com/rss/articles/CBMihgFBVV95cUxQb2dTQkF2X2hEZTlUWkRrYUdmSUpzMGFjd2puMGJwU2dkLThLeFR5aUF4eW5GUFRQdE5FT05lNnpYT3Z2VlRFaGR6eUE5YmpacG9GUG9lcWFfeUpZRWkxSDlBR09DZUUzUUJaTXpvVEU1a2szTUZWc0RPdzJJaFd4eGptUUk1UQ?oc=5,2025-01-02 11:31:00,de
Angeblich Produktionsstopp für Vision Pro: Ungewisser Blick in die Zukunft - heise online,https://news.google.com/rss/articles/CBMijAFBVV95cUxQY21hYWlWM0wtNXFHTmZuRjM2c1RCWWpqSFREZGNsdUxKV3FLV29QSFcwVGc0Yjdka25CTnhnQS1uVVE5SUN2c1JTeXRyTXphMG50Z3dlaUZfRzhKMnc0ZDJEdTNKQjdCR21BcUhxYWpVVEhndGdZYjJEVE5IQ2ZONVVsU3FMcWVTRkJ4TQ?oc=5,2025-01-02 17:51:00,de
Nutzer verärgert: iOS 18 schickt Bilddaten ohne Opt-in an Apple - heise online,https://news.google.com/rss/articles/CBMimwFBVV95cUxPekZYY200Y0s2RFNwcnlUU3BuYThPTG9JVXRQT0dZaG1DTHFqNkF2RlB4UXdPQzA1MDJoektGcU5rZHhOS2ZPbkxxbUZIMGh4eUVJbnNUdHdtbklDUzg3al9FRkRvU3l1LV9WSThLY1lkMmJiOU4yUHNRenNnMDMzYzItbDNUR1JVNmZrbW1yTlJxSmlXdXRTV2ptbw?oc=5,2025-01-01 13:20:00,de
2024: Erstes Jahr seit langer Zeit ohne neue Apple-Produktlinien - MacTechNews.de,https://news.google.com/rss/articles/CBMitgFBVV95cUxObVZtV0pPQndZbmlpdlhHdjZzV0E2X2hOalkxTm1sT3NhUEFXMFRNenlsNlJOVWUxd3pTRzZRZi1rMXQzQWxDSDE2elJUVGZvWUJSV0d0SUlsOVBneEhnNmlxS2lhS1Z4QlNfWjRoOFI3YTllREQ3OGt1ZHlaNDdWaHlBUmF0TjJyZjBrMFJFTzBJXzIzQmlHZnVtUW8yNFZtQmpzNVFyZXBoMl83WmhsTWZUaFc4QQ?oc=5,2025-01-02 11:35:58,de
Apple-Aktie unter Druck: Apple kämpft mit China-Konkurrenz - finanzen.net,https://news.google.com/rss/articles/CBMiwgFBVV95cUxQdUt0c3N2TlpwTHJ6bGZmeW9GdHd2OE0xVFZBN1RWTkV2d05BNXA5UFo4aTlBM1hYOEx4cVg5Q3I5ZHl2aW5nbFgyYlNWVlVjVkpHMS1VQkxfc3c1NHU0b3VsNEIyeDR2WFVIT1NteWwxUEdvSXJfVjFSV2lwbHQ1aXZIallnZVI2akR1LW1tWEdkRnJvQk1aU1o0dmZBTkNFSTU5Y2NqMU0zdGZxdWZEcUxBdVBMekhDSXd6aWZ3S2w1UdIBsAFBVV95cUxPRHRlU1owQWtFR3lGdmI5RGYtRTZyOTY2TWVaUnZjbUhQdjRDMHd4dVM1UVBOU0V6bHMwbWs2WXlxT0tsQW5UbzVQaVZIYWFfTjdKTUI2djl4V0oxM1hhclNuOFBQNGIxMGgyTDNkSWUzMVpvWWFXN0VqWTRNMy11Uy1qVEhSbm15dElnMnlmZy1Hdi1scFd4dTYySi11S21vSzZrMEJIaXN3Njc3LTBfZA?oc=5,2025-01-02 13:34:34,de
Apple-Aktie: Setzt sich die Stärke fort? - Finanztrends,https://news.google.com/rss/articles/CBMickFVX3lxTE9GQXNIczN1WDc0YzNqVGFYeFc3WkdVUnNnT2hJMkNLSkF5SWNIaXpkR1dyTUxFNHhBbTJITXZvQmhlQmV2aEhSQVpkSUV5Y1lZQTlscFBVZk02YmExb2dfVGlfbkNoc0I0T0xQQmI5bEdqUQ?oc=5,2025-01-02 12:46:10,de
Apple: Leaker deutet Neupositionierung des iPhone SE an - Golem.de - Golem.de,https://news.google.com/rss/articles/CBMingFBVV95cUxPalNtdDUtdHpsdTYtWDdOck1rOWNma0N3Tk1uQ1VxNjd0WFk1U2pTYUcxOFhMTWhmejJmX3JlQjNZdjFPX2NnU2pQUTdPeWxjWl9FQjdWdklld2REMFNGVWFVSnB6SFlpMnJJT0psMTJPamxaVGRDbEtkaFRacXdfNkl2Q0RTcTBKc1FJMWc0NUtpV2JpcUsxcU1jYzBNQdIBowFBVV95cUxQRXNONGgyV3FLVHA1QndGRWE1Wmx6QzFnVjBaakxyRUNqMjN5R1l0Zl9PVXVGa1N1Tm5FZHpXMGNueWNudmhwM2VQUUdjb1c3RDkyTGZna0dlZ1FjcDlQbFA0VmdTYkJEMktBY1F4UWszUW9tNkpNb21VRUlaREdvc3R6QXh4aUEtYUw5Z1BKazBvTklMWXBmUUJjMnRvZmVWZk9j?oc=5,2025-01-01 11:22:02,de
Apple TV+ ist am kommenden Wochenende gratis nutzbar - Notebookcheck.com,https://news.google.com/rss/articles/CBMimwFBVV95cUxQR3BGQmFFUEFqdzNMdjdkX0J2TWJjb2E0U3p1eHViSmZnYWxQTEs4bEJ3RXdCeEp4NHZwNGctUUlBM0VTTk9yRW5IdlNFVnBnWnlpU0dlSEtFa1o1WjN4NHNKVkNrYkZZZi1RUVFGa3pOR0ltRzNESl8tY1N2YUd5ZG9UcEEtWDhLV0lyWFBPclVFb0pxdmJTN1NXNA?oc=5,2025-01-02 17:08:00,de
Folge von EU-Richtlinie: Apple stellt in Deutschland Verkauf von iPhones 14 und SE ein - General-Anzeiger Bonn,https://news.google.com/rss/articles/CBMipAFBVV95cUxPWVo4R1I5NDVjME8yMkczd1dPRlhuWVNKUEk2RXFHTVZJV0c0VWd3ZHdlTEN0c09vbXA1LV9CRUJPRE5rUlZrRy1FZm5pMlA3YXczR2hvWGhLU2dnTEpIYnkyNHRFdk85cUl1Mm9tcFNYMS0zbzFNd2RfQV9wSjlMQ1o1QzVvUHNRXzFoalFfZmNQaWpMLVYtamJ5VjJ6bVU2QlY0Wg?oc=5,2025-01-02 17:32:00,de
CarPlay 2: Apple kann Versprechen nicht halten - MacTechNews.de,https://news.google.com/rss/articles/CBMingFBVV95cUxORmU4X2NpU09QN2UxNzkxcDdhR29HcFhTU3h6YWlQR21aN3R4RHRIMXdEZWFtenBqS0ZrclJKdkZWMS04S0lKMHFmRXcwTFNmaENwa0xPc3J1QnlYR3o1NzlpYlgxbXUxb19aT0RHWERsSzA3MzczVVJJaGxhRFhvTG9WT3k4Ulp2RHdHQTNLTy1pb2R3NUt0azRkUHJCQQ?oc=5,2025-01-02 12:55:07,de
Ihr könnt Apple TV Plus am Wochenende gratis nutzen: Das müsst ihr zum Angebot wissen - t3n – digital pioneers,https://news.google.com/rss/articles/CBMic0FVX3lxTE1uVFQxY2tSbkVPdmxELTlqWGZTMHprMjVseUxKb2s5SVNIem5kR3FLbHF6M0lOUkZVbUd4NHg5VVkxVFBRSmNlNXJPS2lDeGo1R1pvckd4M2FXVXd3Unl3TXVyM1RYcXkxaWJnXy01TTMzWlU?oc=5,2024-12-31 10:10:58,de
iPhone-Nutzer aufgepasst: Experten warnen vor neuer Apple-Funktion - GIGA,https://news.google.com/rss/articles/CBMiugFBVV95cUxPWVJUNVZJMFZxTWkzX1g3VXZRQ3o4U3FpN3BnRkFxSjE5Qi1NYm1pTGJnZDN5bWJvSHhMN1V1bmRqemlFY25RZ2thaXpVOVloczBNb0NvZEN2TmNZQ1l6VWJLb3dPS19yZWN6TTdRYW9YQWJ5dHJXRGpiY1FaOGhINnpucVVUQmszMXNTOGJGeDlNcXVVN1VGWkFMdVNUQ0Ytam9MVzRMQ2U3dEQ5WDFyM2s3Ump1bUg2S2c?oc=5,2025-01-02 16:30:00,de
"Apple Hospitality REIT, Inc. : Wedbush bleibt neutral - Marketscreener CH",https://news.google.com/rss/articles/CBMi1wFBVV95cUxQNzBBRFIyWWZlSG00VjBjS0xvMUtBUk5ZUlkzcjdnUDNZUDBNbkowWTZJbmsyMWNCcWdPTFUwY19SY2JaemdxdFlUd0pkbVlrdUhrbGJZMTFMT2tEcmo4ZVpNanM4ZG9IbXo3bWRNUVFFTE1naGMtTUx0WlhnRE45eGxuaWR3WWFaM3ZQU3hFTzBZMTVWbEhoYjItdTVtNWZBVURPWHkycGdaNW9YODYwN3hmUTkzRGU2cnZ6VVFjUkxvUVgtS1J0SmhPZUpNSk9SQ1hKWWM5cw?oc=5,2025-01-02 13:04:12,de
Apple Watch: Neujahrs-Challenge ist gestartet - Caschys Blog,https://news.google.com/rss/articles/CBMiggFBVV95cUxQbGUyTXFmbjBpWVg0dUdUdFRoSlRxS2VjZHl0NVVyb3dTYkRKMHg2Sl9vMU4zWnNkN2hucU5CeGg3bEF6VVk2N0xQUC02dFhpaXJXbEJoYnN6Q29YNUlKTTljMGdpVWZhdlNBQk02amZBMGx2YW1kZURZZUhoNDFBb2dn?oc=5,2025-01-02 06:02:00,de
Streaming: Apple TV+ ein Wochenende lang gratis nutzbar - Golem.de - Golem.de,https://news.google.com/rss/articles/CBMinAFBVV95cUxPX2J5UmZYSXpQOFlGc3BycDZxNjBleDBFZWdhVHRMS3RyUzEyQlZvVUFXRGVzQkt0eFc5WkpCdWtMelZnLXRJTjlsZEh2OExyNEhDTXJjazMxcXlDMklqUXpEN1l5RHFlQ1Z5a0VDNGFPMmRRZjEtdjYwblRyRm11WTVKaXVpYVc1TXlXaGdUY0dkUVNyTnF4LUY3YnjSAaIBQVVfeXFMUFVWYlpMRTlQOGpLazZjZml1MUZrc09jTmw0bURXYVBEb3o3cmhUbWRLQjJVNW9hM3pQb3VuYTlNTGppZFdMelZZYWdRTlFyLTVfYzRnSjlGVE56Y1FJSURTa2hFcGFZY19SSU5HMkJWdldLNjJhTEs3ZklvVzdRSk1KY0pSdnFtak1lOVJYZ0tkc083T1RIejZLVTZlYTFPMElR?oc=5,2024-12-30 16:38:01,de
"DKB für Apple-Nutzer: Probleme mit MacGiro & Co., Apple-Watch-Support noch weg - heise online",https://news.google.com/rss/articles/CBMitAFBVV95cUxOdklNV25fOGl5d1poY3N6Y0RaU0ZRcnBtMkNCNndPdWVHN2h4SHZMbjhUQXB1MzFZTWhUUDNOS2dmTzRXOXdqR2JfdzJ5c1h6UlVRTFoyU05OclNMRmdfTktGN2Y1SnloaDJmbTlKdk9XUDl1bmhxZXhKZHJZOF9aNUlscmlVNm85dDQ0eWRkQnplOWFnbVJpUmxnWEN6Z3lKMFFNQUpUZFFfSzJpS3ZUXzIyX2I?oc=5,2025-01-02 11:59:00,de
Apple gegen Huawei: Das Tauziehen um Chinas Verbraucher: Apple bietet erstmals iPhone-Rabatte! - FinanzNachrichten.de,https://news.google.com/rss/articles/CBMi8wFBVV95cUxOTUdDb3I4c2pzbDRJVnZCNEl2YV9TN1NoTHpwZElSdXVxV3JFdzlaYUFMUURxWjlObFVxS2lQSFJJSnZ6R1FsaVctanl2TjFlVTZFTTREVlFpRjlaSlR2dE9XTlM1aUNFR05VM0Z4RF9ib1c1d09zeXZWbDl4Vk53TTAyZmQweEEzcmprUy1PMGZaOHVVaTU5bE9RRmpmTGQteC0yamNxSkx6Tzg0SmFzdllxR0xfU1gzMmFodGdhbEJENmlnT3gwQk1GVjd1YnZSSVNmM1k2R3dGb2p2NklLbEdhd2lVVXktR01QUDFIT0JrcW8?oc=5,2025-01-02 08:53:00,de
Apple-Aktie: Das Geld! - Börse Global,https://news.google.com/rss/articles/CBMiZ0FVX3lxTFBzcTdNZXZEUVRWRll6SEZMWE9vaC1xMzl2UzNERjF5SWc1ZWxTMjNqMElpVjNOTFhRa3piOXEyTnd1Z3NPXzM3OXlMdkFzSFQxUDlMNUtZUkVYRFJuLVo1QzR1N1MyeEk?oc=5,2025-01-02 16:08:36,de
"Apple TV+: Streaming-Dienst ist am 4. und 5. Januar 2025 gratis - 4K Filme - 4K UHD, Streaming, Heimkino, Technik & mehr!",https://news.google.com/rss/articles/CBMiiwFBVV95cUxPNnlsdzNMLUpPdGlVMWNyZng0ZHJWdzZRbWZYRnNxR1prM19ndjc2MFJnSWN5U0FYM05JaHhjNmJ3Um9kQ2R0SGtJQ2ZEc043SFNrNlZhdFoyaXY4WXJaUmtLYkpWbndydjRCZGlGT3hTRHAtWEthWHdiNEMxcmJ6SzQ3akR5R0JXY29B?oc=5,2025-01-02 22:54:22,de
Apple lockt mit Gratis-Zugang für Apple TV Plus am Wochenende - Retail-News Deutschland,https://news.google.com/rss/articles/CBMiZkFVX3lxTE9HME1GUWNibGpoUHplNmRYQlpGWWNYODEyUkMxNUo4WW1pc2JXQ293VW9iM01BZWF2aXpQazJYRzJKdlVwS0U0NV9UWjJPRWdXTkJaNlBleEVhR1hERG03VklnM0tnZw?oc=5,2025-01-02 09:46:58,de
"iOS 18: Apples ""Erweiterte visuelle Suche"" in der Kritik - connect.de",https://news.google.com/rss/articles/CBMinwFBVV95cUxPdlFCT19XZE5iamJQd0VvZEdaTUZLdk5NQnhuSHU1dWhLSk1MUmxBT3NZekFMUW9vM0FBd1RlbnM3M1FsMXZvNU54SkxNc0VTS1Via3gwV2JUYTB3QTh2ZFF0bEVWRHNXYzFsOHJGUThRX0M4U0JIakxwSVRhS2gzWWIzc2doTGNJQ1dhS2NkdVVkTUZaZjhWV05xQWcyREk?oc=5,2025-01-02 13:27:26,de
Apple Watch: Neujahrs-Challenge 2025 läuft - Apfeltalk,https://news.google.com/rss/articles/CBMiiAFBVV95cUxQQUwzQTNSdjZCM21BdFl2SVVrNGhxa3d0c2Q0ZVc0RHlSYzRJSDVWRlJJX2duTjdpZjRjMlBjVUpOVFh5ZVR4bmgwNGh2R0h6VDBGeGFGZ3FsalpfcXQ4OExfUGRJU080X2VKWkFMY2RCNVVaRWtuNFNpLTl5MzVCbWw3WktFT1At0gGMAkFVX3lxTE5NelVuM3ZXdUV0Z2Y1OThOTTlPTFRKMTJjaEl2MTlJUU5VT3o2SjJrMzJVVGgyeWk4ZVNaSm9tZUE4eDBHdkJpTUVPaURPaFI1QV9GcDVHLWZFYmxFczIwOXc3Q3IxYWFvdG5VbVBKTGVoejZuT19DWmhhSmVheXJLOU1CeXdPS2VuU21KV3Vmc1lxcUVNLW5FUVJhVnlhNGNlNnpOclM5U2FNY2UzZmJUR1EtaFpQak1XTW5sdFVnVVpKbGxiRlA0eHRKb29JbE5iS3VNSTRoM1pnV1paaUZ5dUNIcUJjM1lSRXRTX0I0VHMxcERUalhTNV8ybmgtbXBkeDB6WU05UHVfbTc?oc=5,2025-01-02 13:00:31,de
iPhone: Apple könnte sich von Sony-Kamerasensoren verabschieden - WinFuture,https://news.google.com/rss/articles/CBMiTkFVX3lxTE1BTTVqN1JBZUJwa3hyNnBGdmFsS2VWbWVkdmVYcE50TjR6VWNVdmR0Zjk4UU1uVVhQRDRENzZkV05IS0xFMXE3X056YklCZw?oc=5,2025-01-02 09:09:00,de
Statt iPhone SE: Apple plant dieses neue iPhone-Modell - teltarif.de,https://news.google.com/rss/articles/CBMigAFBVV95cUxQSlRBcDEtY3kxVlN0NG9xWlBxaGZXZHAtQUZjX043VHBLSnJSUnRRZE9sUVZMNnd5eTNmRVRtUWNhVEIyX0Zjc1JfUzlmRU50VGZOWWhpQ0Iyc2MzSVlYZ3YzTjdkMnFVWnBvRWFMUFVoQWx3U2habUxtS2tnUzNTSQ?oc=5,2025-01-02 15:40:00,de
Apple zahlt 95 Millionen Dollar zur Beilegung der Siri-Datenschutzklage - Marketscreener CH,https://news.google.com/rss/articles/CBMi2gFBVV95cUxPejROV1NiZmdNM0oyR3lsUWdadGpnZVpVNEswUTQ3bVNSSGtXT3Q5OVZ3cFo4RFpwNzlINWo3cUk0MldVb3o1UFpUTnRRQlBydDBJY0F3aDJQdGFYTjI5dmtsdWtGRmxPUmJjamFxb3pvSnRhYWpob1doRnNkTnJQY3N3M0xaQ29vUHdxTHl3eklHTHhzQ1dMZVFsTVcyb0VJTG5jcWYzRS1YNHp3UG1rTEliSUhWLUVmbURSYXY5MzVRdlpWNnRESjNnSGdjNWVNWW41QjAtbE93QQ?oc=5,2025-01-02 15:12:38,de
"iPhone, Macbooks und mehr: Diese neuen Apple-Produkte können wir Anfang 2025 erwarten - t3n – digital pioneers",https://news.google.com/rss/articles/CBMiswFBVV95cUxQVVBqZkdfcU5xUW5YQ0h3SzFXbkpkaDNTRmI4c0hSYkh1QlZuaU9UVDA2LVgweVZOcGZDbk5UMXBIYmlLdDNlZU9PRGsxck5FMDBMTnloWGhrbVFLRVZnNDlueDIwU18wQU1USXJPd0pEWFk5OWtjTW5uV0RXZ2JDbTNDNGQwMkFyd05DSFNTRFVtZWx0WUZUd0xFV2hESUpiRkxreUlOZ1Jzc0YyT2lRclVjMA?oc=5,2024-12-29 10:00:42,de
Apple senkt iPhone-Preise in China: Reaktionen und Marktanalysen - IT BOLTWISE® x Artificial Intelligence,https://news.google.com/rss/articles/CBMimwFBVV95cUxQb3YwMzVzdnBYSHVTbGd0OVpTWU5jbkk3VVVUU0EtOVBwSHNvNjNWRXF2NEctYVRJN2xKRExtejVHU014VXR4Z0lCLUNGbmhoUkNtUmtmUTJVM3EwQnlHN0FsTWwwTVRaT3hKZkpfcDh5bjVrSUdkaHZaaFJiUmxzRG5PR3p6aEdFdXd3OVNDUHh6M0NPU2RpNkJXZw?oc=5,2025-01-02 21:52:19,de
"Apple bietet iPhone-Rabatte in China an, da der Wettbewerb zunimmt - Marketscreener CH",https://news.google.com/rss/articles/CBMi0gFBVV95cUxNU016d0owS3c5ajhuYWd6Q2dzNDFzcjdia3pSNk1kd0FnaGZkeVR6UGt6RVpCWlZ0UXEtQlNDTmJFRHI1TzRjWGx4TTc0MF81eGtZZzdfT01xOC1sN1RBbXZLR202bWwzS2pSaXhmMFdQbGs3Qmg4LUh4RWxTOEZPOWRTSnc4NjMyWlVKRWp0cTRFa2xiOGcyVTlpZUhQWDVxUDMxbWEzQ0xjMGpYcF9HTjgzQ2s0ZXRmOGtCdmMyZGN6MlByUnR5LXVrZXpFWEJSRWc?oc=5,2025-01-02 05:57:11,de
Apple TV+ am Wochenende gratis nutzen – was man über das Angebot wissen sollte - TECHBOOK,https://news.google.com/rss/articles/CBMiiAFBVV95cUxNUEl0X00ybWlZbi13a0swbDBBZmdHeFFzb0hIcWRBZUlFdUxjVTEwVGg0Ym1GaVBPdW52bE85Vm1Obk1zYUJBMWpYVlY5enByWEFaaDB0c1MtUmNKUW9DNnRvMl9ZMkhmcHVGdGJtYUpGdWRSMjBqd3FsNFNObGJZWkxHQ0xSeXkx?oc=5,2025-01-02 13:42:00,de
iPad Pro 11 mit Apple M2 fast 300 Euro günstiger im Refurbished-Deal - Notebookcheck.com,https://news.google.com/rss/articles/CBMiswFBVV95cUxPTl9FRGdwdUt2ZEN1dmhZT1dlU2FMTzZLb183VVpPLTFDcWpBSmtMQ0hOcjMwTDBMWWcwaEZTYU05V3RkN19nVzM3a3VNbjVFcXNGZGhBbFZtdmpHWm9Xb0VaV080WS1wZzNwOTc1Slp4V3V5NVdPYnAzS2VEaWk5VlpiT1J2YklJS0g0YWZYcHUyTUVMZDJZa2xxS2NtYjQ4cUotV3JvOHFPSnZsX2JQSWt3SQ?oc=5,2025-01-02 11:49:00,de
Apple durchbricht 2024 eine 13-jährige Serie neuer Hardware-Produkte - Apfeltalk,https://news.google.com/rss/articles/CBMirAFBVV95cUxPSldxeFhsclJVY0ZUZTdib2ktSENnWjJWazlsZE53WjJucFFkbHgtbk1VWWVGUXRHY3R4TnVfTTQwcG5UYUFmSi1vT01xT2RRdElYQkFNNWRPS3pyaUZuTGpRVF9Lbkh2VFhIcWRDMGZZYVpac2lic2NDNTJoM3RhQ0FsYlZZejg3WU9fQ0ZtZjdEWnJaZHJLdDNIb296TThXcTVpM2JPSmJfTU1z0gHUAkFVX3lxTFBjSEx1aEpHVjFXNnJvaWVSQzI4NzZTaS1SY0FPM3ZaUjNOcHZpRzFvLUtDZlZpZTMyWHVUUTJlU18xbEItallwWWhTX1oteGlFT0lrMmY4bFhTYjRKSXpITUtiTmV0Z2pKeUJ0dDI5MzdMbFllT2NYaTJNdXE1QVJUN2diR2p5ZW5jZHpyTXhMbHNESW9NX3ZSdGxHdERYamRSMVBTYjBMYnhnSTJab01pZWR4bzJNOUZzc3E3OUVQUW5BUUdyLUR1OTJpY0EyZDlTcGVXZFptazlJVy1IOHdmcnFpT1JDd2hIbl80NHZGR0o2MzUzdlpvcl9lVEdFaWN2ZF8xMm4tVzY0bkJDc2wxZ0JfOEkwU1hwUktZLS00Wm10bk9wYTlFWDNQWURZb21aVzVKUDhHdEhuTTVqcXhkUzJxUlgxWWRwRmpRTTlhSjBzQ2w?oc=5,2025-01-02 12:00:33,de
Viel Technik: Starte ins neue Jahr mit diesen Apple-Deals - TVMovie.de,https://news.google.com/rss/articles/CBMihAFBVV95cUxNMFhEVV9UVUNjd0NFYnluOVBUMm9NSE4xaThtZVVuU2tFOFMwcUtITXl2LTRNUUZjRVEyeE5tcFZlczlkWVFlcEpocnBpX01mMWdyTFB6WTFTZUFfbXlyNjh0UERYRmhrZFZuZmI2YzRFUDVQX2VvdENiazcwdDBEQVh5VzQ?oc=5,2025-01-02 11:55:40,de
Apple lässt Termin verstreichen: Wo bleibt Carplay 2.0? - COMPUTER BILD,https://news.google.com/rss/articles/CBMivAFBVV95cUxPaE5DdnlOSndaVThPNExGQ1pqMFQ3ek94azFQMzhOZ3NMUGNHMG1aSFhXUVlZbXVURi1pNk43cHNFR1hVTzJOYUtHQWZfSW9LUEtFUXk4M1JCanpmV2FxUXA4RXM2dGpmQlJmVUI2ZHNZNlpYZXJFT3o2VC1YZld1ZDBEQzdrYWFscHlaZk9LTTk1TGxrVkxEMzlHZ1MzWG5WNV9zekNhaldxUW1Tck9GdHpDa2pkSG11TWZQaA?oc=5,2025-01-02 12:05:00,de
Apple zeigt seine iPhone Audio- und Videotestkammern - Apfelnews,https://news.google.com/rss/articles/CBMikgFBVV95cUxPMzB3a3N6MHpsVms5WnJhSzJ6RlJIQy16RjBpdUZkcTByNlUtMmlvUnFhbEd0YlRLLU03Wmt1bU9odDUwY3NOekdoVHlvckRrRU1ESnZrVTcyeXpPZ2ZhbFdOUlV3WTg3WVZMenlqVGY5UlhfYkFScklicXBFRFdxZzI4VV9tMGo4aTVlMnhCZWxMUQ?oc=5,2025-01-02 16:19:00,de
Apple einigt sich in Siri-Datenschutzklage auf 95 Millionen US-Dollar - Investing.com Deutsch,https://news.google.com/rss/articles/CBMixwFBVV95cUxPZkY3VVZNbDk0Vkw0M1FqWXR6a0ZzeVZPYlVidnFmR1RvNjhya3NmYktBZnlUVFZQNk5sVUFFaUZRYWltMlVWOE9yY1lqdDJvSXo3azNPLTNuenk5TkNXdnctUkp2T0ZIazRvSmdWOWJ2ajFwcFVtOGhTT1JteF96NF9jY2R6c2xMN2xfSWE5SUE0bFJnQjFUWHVJdk5vcjM1ZXRjTHNjZnhHa3dFLXI1cllLazFObWpnQnJIQWNJYWtBc3BiNWxj?oc=5,2025-01-02 15:29:00,de
Warnung an Apple-Nutzer: Euer Gerät schickt heimlich Bilddaten an Apple - NETZWELT,https://news.google.com/rss/articles/CBMiowFBVV95cUxNdXhueUtzS3E5czAyRmVPTzh4Rjd2WE1salhyMlZpRnBGQXFTNnBSa3g1OGNFUXgwdTFnei1La2dvVGpPRUVHQzZrcU9FSHRMdzRJOE9aVEEzYnB0SEJSU2dqWmtpdVMtcThSU29KT1Y3T3ZILXI4UVA4Rnd0ZmpjNGRwMTNOOTRxY29IZm5iQ0J4SkNRSWRYOVhTbXVBeFpnWUFZ?oc=5,2025-01-02 14:04:46,de
Weltweit gratis: Apple lässt euch am Wochenende seinen Streamingdienst kostenlos nutzen - GameStar,https://news.google.com/rss/articles/CBMijwFBVV95cUxPOEdlZTRvR0t1bVdiNWdtUTB1TGdlUUJzY0xvRHM3NE0ycHJLa0ZRZlZlX1U5Q0lrMXV3ejkyWGwtd2hOVjRLUWxheUh6c0M3UEdJQUx0cjFrNk9KUVRYck5YTkxJS1Zqd3BFUTVkS3NrSUpkOGFldmdwaFgxTHA1eUlLWmZfYUE1amZDb3pVUQ?oc=5,2024-12-31 19:15:00,de
Microsoft Outlook 2019 mit Apple iPhone und iCloud-Kalender synchronisieren – wie als Standardkalender einrichten? - ComputerBase,https://news.google.com/rss/articles/CBMi9AFBVV95cUxNRWt4UTM0NUJtNEVqdHVsVElkaGdqSmlMSUxvWVAyM185V3ZIRjh3c0s4SHZVZ2w0S1EwYzBvWmVMSUlQZmpxV3djWEI2dE9pdEZvWEFvMGNDQmpYZDlKdFhaSFU2eHdvNlFFeXdNdU9SZzhkTWdUYUVvZE95YnE5S1hpWDZhVUoyT3puWGIyOFFNMjZyck00UEpDOWpnTEJGSi0wSFdLMjVSUW92Z1BPemlhTEdLbjAxNHN5cGdhQzVkSlNzMjF2ZGdocDhrTUpwMXVURWZjOUVmZ1k1cXpqdi1pMlJaLWNZSEVOZW5WekMxdHU5?oc=5,2025-01-02 22:34:47,de
iPhone 17 Gerücht: Verbessertes Display für Basis-Modelle? - BILD,https://news.google.com/rss/articles/CBMiwgFBVV95cUxPeFh1Y2VJblcxdGVtNzlyMVk4MnlSNnpWaWlQdG1adlRvekN0cWpmb1ZGNkVOdy0tRGctdU4wRFFoT3E2RlkxNzYtM2laVVpqWEdGTGM5QVVxTDF3RzZZT3RiRzRPNDFFM29uV2tIM2lPZFgzRS1VZkY5djJqSm1ydmszWkRCcUpZUHJ1YWVPcFBhRmk5YllaejRBTzZtelpuNVpCbElPbUl1NVN5R3dIR1ZlYWd4RG9YWGliNUZxTndTUQ?oc=5,2025-01-01 15:19:43,de
Mehr Apple geht nicht: o2 mit unschlagbarem iPhone-Deal inklusive Watch Ultra 2 - TVMovie.de,https://news.google.com/rss/articles/CBMiswFBVV95cUxPUXVySWZNTDBneU9mblBIY2dhLU9LaTBLNjNrQXk2VTZNd3FfZ0syQXBiWjhkWi1tWWIybmI2bWdPbHlLeFMxWVZYelpuN1BpV21BNHRMTjRxMHI1eGxmSXBLYUZEeDVGX2REcWVuT0loOHBvMVE1WnI3ZUxkZDVqbjl4ejhUeEhHOUZiS29OcktHUVNJeFZTVEtNRllwM0JibEo4WGRKSm90VDViam5UcFhLMA?oc=5,2025-01-02 09:25:16,de
Apple TV+ ein Wochenende gratis! - COMPUTER BILD,https://news.google.com/rss/articles/CBMinwFBVV95cUxORFNyc0dPbkFWVHhsQUpyenhCaUd5UVc5SnVrdDlBX3RvN2h4ZG5qN05IRUVlakVFQ1VrZWZBNUctX3BXMmxsRURoQWxKU2VPX1NRQlp3UEhHNWdKMGJyRlloOElpSkhPaWNBeVpacmM5YmVIUDhhZVdWamwtRkRLQXpLSFQyVHNwT2ZKWWs3NmVyNURNU3VwRU5RNzRzUFU?oc=5,2024-12-31 09:22:00,de
"Traumstart bei Netflix, Disney tut sich im Kino etwas schwer, Apple lockt mit Gratis-Wochenende und Amazon setzt auf Persönlichkeiten! - NTG24",https://news.google.com/rss/articles/CBMihwFBVV95cUxOQVBVWXB3ZVV3Nl8tTjRLWlQtQWkzQmNUSGRuNU0td2Ryc3FiR2RXNERoNzBJUEhmQW9ocE5TMVlteTVDZ2NVN3p5SHM2TkwzRFlwZEVZUDZ0cEo0dEY4akl6aGVfRlE5OHZOV1JSV3ZxVlBicFN3dHJXWEZuTUptc05QOGNMWVE?oc=5,2025-01-02 20:09:06,de
iPhone 16E statt iPhone SE 2025? Neue Gerüchte um das iPhone für Einsteiger - connect.de,https://news.google.com/rss/articles/CBMiigFBVV95cUxNUUFIbTBFQl9wYzVNRVlLUTgtQ3BKLUtFVnd2OHJZZlJmU2ZCb2J4VmdjUF82VDJpRHRiWkNtVVA3d1Frd0hXc05faGxPZncxdjlyM0o5ZHFWVUtTTVhHZXJSM2l0VU9CbnZIbk1acklOcUllVlNnc1kxX3l0NDhOX1F4V0daTVdpQXc?oc=5,2025-01-02 10:00:45,de
Apple Intelligence für iWork verfügbar - heise online,https://news.google.com/rss/articles/CBMihwFBVV95cUxNd2kwWHRpMTQxNGdfUU45WTRzSkJMNzVMMGUyZDR6cGRuR0FjRDNSZG9xY1BRUXotRlNOeVc3NXYtYkVpVkxUYTh0YW9iOGtBdnNjS1BlaVdBeDhhcDBEeUdwSHdadDJWcm5iRWQxSmpQQ0NjZk5pM0R0WVhPWXliX2lsN0hXSTg?oc=5,2024-12-30 14:48:00,de
iOS 18.3: An diesen Tagen könnte Apple das Update verteilen - NETZWELT,https://news.google.com/rss/articles/CBMilwFBVV95cUxOVU9GVXB2SVN0UkJDNG1VVmRZVlRUalFFZGRoWkR0ZmxHUG1zQnpTekJ0RURBSVNFUEZjUGtpVm5HdVJfbWNNdzBURkpOeXRRUmhkdDlBUEZXdUtSNjNQYkRzT1dSeHRKZ2JHdEt2YnlMVjkwcXNXTDB1bE5iLXFkSkhhQlN1YjRnUF9wd08zQ00zUTVpYkxz?oc=5,2025-01-02 10:44:07,de
Keine Spur von CarPlay 2: Apple lässt 2024er-Deadline verstreichen - heise online,https://news.google.com/rss/articles/CBMiqgFBVV95cUxNN3Jzd0dLMFVKS1YwSlZmd3BORDZiZUhIUUxxb3R2aHVXQm96N2ZvRU5YM0xWSHVUZ3lKbEpNVXYyZmFqaERGUlFMaW9xSV9sWU9kQ0F0WVFoNFZXdy1TcHRyeXNJZXRKSHp0ckdOcHFERExZTUFUTkVGc0xuZzYwdXJXa1RkcVBIV0F1UUlVZW9jVXlpRUhhQkl0VWhQQ2xoVVd3OGR1Mjg3Zw?oc=5,2025-01-01 14:57:00,de
iPhone im Abo: Apple begräbt alten Plan - heise online,https://news.google.com/rss/articles/CBMihgFBVV95cUxPVXoyNWlIbGY5QVY5aWNVQXRZZW5hcWVYOThJeG5kT3JZTTIyelpYYndXVVU2RVZBcGlfTHdwT2NLNEYwaDRMSmJabXdXMjczTXdON3Btam5IWEJjaVFyNHJPaHNRdEdSWG4xcFNXb2lwWnI4c0Q4SzNsLWdjRDVGUzRLOEgtQQ?oc=5,2024-12-30 17:27:00,de
Aufregung um neues iPhone-Feature: Apple schickt ungefragt Bilddaten an eigene Server - DER STANDARD,https://news.google.com/rss/articles/CBMiywFBVV95cUxOLWpQWXdpUFhTM0hJemJoX2hKOXVMTFA3c2E2aTI5OVZkYVRLSC10OWJmcmV3RTJ2dU54Z0ZiSURNYXFpZFd1b19jMXBJU2RWdDVmbkFUQ1JKaVlpVXpKMjBMbXlsWWJhV0NOSS1Wai13SGxncGk1NERBT0JpTnB2dVlhb0puMDlPNFVWeUF6MjNzRE1VX3RzOUdkTlBqSk9iTVZWZUNxWjZVaWQzdC1BNVNKckUxdnhKV3RhVnJ5ZGw3YnBrVDctd09QZw?oc=5,2025-01-02 11:08:00,de
Nicht schlucken! Apple ändert AirTag-Warnhinweis auch in der App - WinFuture,https://news.google.com/rss/articles/CBMiTkFVX3lxTFBuTWpBVERjMnQzVGVwTzJUM1FqOEt4WkU0YnpCcnYtUXJwZ3M4SXh3N0lWeUEtUE5sT0c1VVppQk16SXZUNHFNWG5RbGxzdw?oc=5,2025-01-02 19:55:00,de
Apple TV+ für kurze Zeit kostenlos: Streamt die besten Sci-Fi-Serien und grandiose Film-Highlights - KINO.DE,https://news.google.com/rss/articles/CBMi6gFBVV95cUxNaFZrcWpOaE1UamxyTk1qY2dRaEVKby1UdzhIYmZRampxdGZBVDhQT1JjeHY4TldsUFVnZGJSYi0zekZFYjBMMzNrZnIzamE4MmtNMDYwd0V1MlVmUUZodmdCU2VzeEhmQk5JSERpdVpwdUdpUExxc0d0WHBkYU91UmNPMExZWWl1ZkFPTnNteHFEUXlpQnF2d0w3U3VMRVhFbGRwY3RzeGdUWnc0Sm9hOGYzVkthWnRjemFyMUJzVGNTSVl5OHk0TmFWT1dMbzZRNTdMLWdtNGE2cllBZElBQk9JakhpVkc3S0E?oc=5,2025-01-02 09:30:58,de
Apple 2025: Was euch abseits des iPhone 17 erwartet – inklusive einer großen Überraschung - GIGA,https://news.google.com/rss/articles/CBMi2AFBVV95cUxOVWVyYVpDV2ZrVFNldmVLTGVabXdwQXVhbzY2ZDRwZjBIM05aSzdJcjZVeEc1dTNMdjBnaWxTUGdNWlRLRzhsNkRKZTBOejYxWWE1aGpXdlhRWmx1WWVlT3ZBcEJjTEZfY293cHZqc1VjaEdYdlRPSFpISTBac0huTERNRE9aNVZVQjMtZGoxRmhtRTV6TDlwd0VVQ0w1ZnFFS2hkWEs4bVJ3TUdPWktNSERTQ3Ata08yX05zbEItTFJ5WnMxWElJVUM0VXpkNk9vSHl1RTllYXQ?oc=5,2024-12-29 08:30:00,de
UBS belässt Apple auf 'Neutral' - Ziel 236 Dollar - Marketscreener DE,https://news.google.com/rss/articles/CBMitwFBVV95cUxOWXplaVJSNFdFcHczNGgxbWVad2RjTTlCcDJ1VnhfcWt4bzdCYUhxTk5GeFRHa0E5cWV1LVh1UVlPMzZpbWxqUjdGa0JpYW13WVNLdFBrQm9za2tsa0Mwam53cWdjMGhlR0NIX0JMOVRJZDVEdDZiTzlXckVFYUg4Y2dnb2pBbVlOLUMzb1BnaHVLT3FneXpWaXpRd1FCZDJYanFnUkhOLU5qWWZuRmtlNUtNb01FZ2c?oc=5,2025-01-02 07:35:11,de
Apple TV+: Streamingdienst zwei Tage lang kostenlos - teltarif.de,https://news.google.com/rss/articles/CBMigwFBVV95cUxPeUlGV3dMb3I2dzVvRHk1UHVjUGtKV3cyNGI0UW1YdUdWSGtoLTBHcVRZUExndWtyell3VWNKRWN2a203SDhPTEJfWDEzOWItRllMM1NxS0htSTVhU1M3RFZiWkNaTF9md2EzSHJvRlF2eS05SEJXNWZjZnlBSDdhZEVaMA?oc=5,2025-01-02 10:30:00,de
"Apple TV+ gratis schauen: Kostenloses Wochenende mit Ted Lasso, Severance, Silo und mehr - Eurogamer.de",https://news.google.com/rss/articles/CBMirgFBVV95cUxQdlBFVWFLekgxdXU2S2dZZHJsdjQtbUlFNnZiV2FoRVpDY1F5LWF6UEFTMnRxMnFDVU1DTDNOYlJOUXRFeVJ4Mkx3M0UxNG5MT2hWV1o0RWs5akhEYlVsckNWTDVCX3JxZG1ZMk1wdlJyOVpXMGFESTFsUEI0Tms1Qmh3bC13dkRoanVjQ0VUTFg2Rl9KSm9RWFdCR05nXzU4eENzRDFWd3QxM0NHNkE?oc=5,2025-01-02 10:31:09,de
Bericht: Apple Vision Pro Produktion wurde eingestellt - SHOCK2 Magazin,https://news.google.com/rss/articles/CBMiigFBVV95cUxOSUV2X3BBZ2sxcndZUUQ4QjVyQko4aUhtc2VucFRGZmNERHlQbXpodS1mNE9lQjNiaVptY1dneHVBZ2ktUE56MFlxbGJ0d0dkUmg4a2pZdlBPREt2OGM5dGxXUTdmTEJ3Y3lYem5vdEl6Z1dacUhvcWtOU0hGSFYxbWNONEtwSGJSWUE?oc=5,2025-01-02 22:18:09,de
"Apple Intelligence jetzt mit Image Playground, Genmoji und mehr - Apple",https://news.google.com/rss/articles/CBMirAFBVV95cUxNa0x6UXo0ZHV4VV85UHU5TlRvMVIydkVHdHg0akVISWtVOG5McVdkRzJoNWhQbHlpNWRCdEdXZTlxRGIzYW1BZjZfT0M4RlZvdnhJU1luaXE2MzdiekdWQ2lQc0FqWG5fRU0tZzhBdFllbjg1aUktR2lvNkdTeld2NVBJZjhSVkpEYTFQcFV2eVY5dXM4U0VtS0lrbGtnMEZod05uM3ZFWWRoZHUx?oc=5,2024-12-11 08:00:00,de
Endlich neues Design: Das plant Apple für die Magic Mouse - NETZWELT,https://news.google.com/rss/articles/CBMijgFBVV95cUxOMWNGUkp4cXduSUs2dk1UanV0bkM3MFhSQmwzZHVzYWw3Szg1b3prdnNSX216dDhNd01aRmdoU1kzQ2xRMnZlaVBrbHpWekZpNUJTYmJBT3l0QmhxRzVReU5SX2VUMzg4SXpYblU1YmRFTmNfN3JfZE5TdkkySlpjZEwwaUF0Zy1FdnpBNVZR?oc=5,2025-01-02 11:15:26,de
Rolle rückwärts: Es wird kein Apple iPhone SE 4 geben! - GO2mobile,https://news.google.com/rss/articles/CBMihwFBVV95cUxPdDdUZGdEeFJaT0h3TWVzaTRQUDA2cHN1dkltejd4NTVqejJvLWNkZGhLWkZJb2tBWXBqYS1pUW9VM19FaThQbnc2aHVLUklJSG8ybUg4TkNVaVRFMHJwblZBX245NWRMRUpzLU5Rb1RVV0VWMXI4VnpOTTZONzlfcGt1WERtdkXSAYwBQVVfeXFMT24xZkQ2U3duLU5VM2RuQUV3WGl2b2N0TklWZzlEWENORk5Jb2Fzc0ZTb1pFNWZzc2hCUFB6bjZZUUpmVzRJNVRNdUlOdS1hUktJWlZoeEZia1VRZEtlVVZ6ZzB1X2o4bklQLWVQS1U1LTM5c01FOUdtRTBKTWFON0xUQ25UZVBBamVKM2o?oc=5,2025-01-02 12:38:35,de
Apple Feiert Eröffnung eines neuen Stores mit speziellem Wallpaper und Watch Face - Apfeltalk,https://news.google.com/rss/articles/CBMivgFBVV95cUxQYzk5NXZ2Yk04cXBmbzZhSDY1M19nTjlfaUU1allheFF3WkdISVNLalpnUzV4V1ZPSXRXNDlYcXZVd04tSmJ2ZXdNVjFjRklNRUtPTHBXTTJhNWZaWWtqQUltLUZuZFBiOW1PMTdBMHZmQTg3dmZFYklRa19oYzN0NHE0ME1NamVVb2tSYjFmQlBfX2lVRlVPWVY5dmVRSWhlckRycXdJLTFjcUtOTXctMWFjT3RqdUxXRExnT25n0gH3AkFVX3lxTFBtbVlzVTZRTFNoZFBEN09UeXk1cXNJbldsNG1oQ0xMQVRkbGxwdGlIdE9RZGlIaUN0RmJzUDkyZUFZNm9YYTRlRHpES3hDSVE5b2Y3OHk0aHgtclNxZWo1R1BwN0hBa0Y4MndrVnlMdFdOUWZjUzREWnFFckhOTldzREhUR2xlc2Q2TmNvcGMtVXBNSHNlenI2X2UxNERRdkcxUFVYeWpRRGVXTjk0N3A3bHJRVlBDV1RsZjI0QktjR1EwOE54cEtiVklPUVdLSHdpdFlQYnk0WmpwNHBwQWhTcGlabTA3T0pSc1dNMDk5Snk2MENKT1ZpUFlENnFoN09EbTN0VllGdnFVVnVZOW9ubXg5eWJ2VDduMlpRMl9FYlBLVFJpeEltTHliLXlHVDNWLXQxMXpqYTVDTEJHWWpZUXBDdkc5NlYtRF9zQzk4VXBFUDk2eEJ4SmV5aEdfVzRkN190M053bGZiSHA2dXNnYkNXcWNkTQ?oc=5,2025-01-02 08:00:48,de
Apple-Aktie sinkt deutlich: Apple muss sich wohl gegen Konkurrenz aus China behaupten - finanzen.ch,https://news.google.com/rss/articles/CBMi1AFBVV95cUxOOGRLNjhRbzJ3c1RzSVBzcFQwSmJidUhtZThxRFU0NDNFWFVoLXFiQTBUTUpIQXVoMVloXzJmS3BtXzhQZWVDNlJISi1TTWFDN205RXhzNDhwRG43blpKUzhJdENYRzg0TS1admczRUJnUm9GaHVrVkhEU1l4X1FkUGQ0MnVHeWJocnk0bmpWS1VsWFNReEQ0U1l5MkNzNU9KRnZISlQ4emd1T1BxYTdhSHlnckFsMmRoQUtmTHNpVFlUdkdHTm90RW1kLUQ3UnVyZXl2Zw?oc=5,2025-01-02 20:29:42,de
"Apple: Was 2024 eingestellt wurde, was 2025 kommt - iTopnews",https://news.google.com/rss/articles/CBMihwFBVV95cUxQNGYxLWVJUXZ0Qk5hSWJpYnF2SG9zTEhMMEN2c2dNZ3d5MzBIaEJNWWhIZTNUNmdtTDF1Z3d3MXZ3RklqNzdBWmhMcDVXakVKb1VoZG4zb0xDeFBVZFl1UldKQWJ3ZTliQ1BHZHRCNE1BaThvSGFVaFJmNUl2bTZNZUEwYXdIMXM?oc=5,2025-01-02 05:49:00,de
"Apple Fitness+ 3 Monate gratis, neue Challenge - iTopnews",https://news.google.com/rss/articles/CBMigwFBVV95cUxNNkx5MjNBWFpoNmdFUUtOMnlFNjhHTlVpM1JDRzdmVXRvcDl0d1kyQkU3Y2k1N1loems5VWV3RncwWnBIaDR5bXpEN243dnVXR2U3LW1xV0tvZ0hPNGdWWW4wcVRGWlFuUXhkb2lMcElRendydnpkUDBCQW8xTXhuV216NA?oc=5,2025-01-02 14:48:00,de
2025: Das Apple-Intelligence-Jahr | Apfeltalk LIVE! 379 - Apfeltalk,https://news.google.com/rss/articles/CBMiogFBVV95cUxOTzhYcXpRcVo2MTRqQ0J4MXl4WlRCZ0N0Zlc3dGFYNUtPYWN0Y3lPa0wzUVl6c20tT1ZtT1Z4WE9BTFJ6TVVfY05xQ3J6Y2UxcHI2NVpJeks0Z1ZFeW1qM2h2Q3lMZ2NKOW5nTXlkN0xSUFdXNmhYSEl0NEkteG1zM1pQemJTMnRUejRIN01yYjhjeTJpRnloOWs0d1ZHdGRqRFHSAacBQVVfeXFMTnF0YTV3eENmUzBwelBVa041ZTFsN0Nma0laTWZkaVQyTGl2TnJQczVqRE00Q0pOWXZwbWMyNEZDXzN1TU8yR2RDYXkydGh2OTRXSHE3Wm1TYVUwWDNBZ1FaR1NkMDBTMld6bjlEczBEN0U3dG5pcEV2RjZMbEF4WlExaFl0SUtoeHpEWXhDeFZpUDhoem16V19xWExFcGt5aS12RmhJekE?oc=5,2025-01-02 10:00:08,de
Indoor Cam E30: Marktstart für die neue Apple-Home-Kamera von Eufy - ifun.de › Apple- und Technik-News seit 2001,https://news.google.com/rss/articles/CBMimgFBVV95cUxQSXhwWjZRaEZDT3R5TmhHLTJSUXVZYXF6Um9aUUtVakFReTE5d1BOdnZKYnpFS1RtVXRxbElXNHlUVlBUSmxJZk5iZE9Cb1JhUGU5a0MxX3lSUGlhYnRLek1KNWtTem92NnlpTDRkRnQtSTEzOGEzU3JHUjAydEZYdXNqcnVVeFdGay1pSF9OM1dTY3VHa1EtMG1B?oc=5,2025-01-02 11:47:40,de
Über 800 historische Macs: MTN-Interview mit dem Macher der größten privaten Apple-Sammlung - MacTechNews.de,https://news.google.com/rss/articles/CBMi3gFBVV95cUxPbDhPYUZCOGR6eGoxcnhyYkJjWmpzQ2pEUWJmYTlHTEhIcTliZ0tZZ2VTVkN6Z0tHYnpYSWl2ZTNQaUNQRS03Z3dtSFFUUXZuZmlHOXZnNUlmLU5RVjhpdW9vYmw0TkM0aDZEWTh3b1V4T3p5MkpuN25OZEhSODhXNjNhdjA5bmNSRXBOQ0s0UVZaQkFxdkZnVklMdzJsWmZ6MFhSTXlhOTFaQWd0aDZyalhDdnNieFFaTWRzMGg5ejBqQ1hvX2FQa1JPQnVTM2lxd0hvNG55Z3hPSVhfNEE?oc=5,2025-01-02 08:54:59,de
Apple TV+ öffnet seine Streaming-Pforten für kostenloses Wochenende - Caschys Blog,https://news.google.com/rss/articles/CBMinwFBVV95cUxOLXZEM2t3SVBuckgwWksxTXltTndGaUt2QUtwekFHdzFGSTFEejl1eElkeUtwaDVNaGVXLVlzUVRJa0dvUkdZUXVsenBBUFFIQTZiRWctRkRTY01oTTVEWG51NklFVnV1V04wTWtVeDFzX3ozY1BlazBPZXFNejVzcVluMDE0cWJybEpZVW9faVNBc0ZBN2stNmVzY0hJbXc?oc=5,2024-12-30 14:35:00,de
DKB-Umstellung: Herausforderungen für Apple-Nutzer und Sicherheitsaspekte - IT BOLTWISE® x Artificial Intelligence,https://news.google.com/rss/articles/CBMiqAFBVV95cUxPX0I5NUFxaFlsRkNPdnBNOEo1dC1DR25HRWFVeHlBM0NzQnRYcVR6VFVueFRkYzRKSGpaeXBzeUZjT0NkSWxBZi1yVzRaczhmdlJKRE5pTXNZOVJzdWRMc1EwQVBrRjgwMDI3a0VBZDk4eDJwOF82alJQYVo2LUpDX2NXQXF5RDROS0xVQjBEelRwdXAtSjlabkZXTXVBWlZIRjktSnJJc0k?oc=5,2025-01-02 17:33:36,de
"Nvidia, Apple oder Amazon – wem gelingt der beste Start ins Jahr? - DER AKTIONÄR",https://news.google.com/rss/articles/CBMixwFBVV95cUxNUjNLYmxXeHd1SmhtXzNRSlNBdXZDdnpzLXV0SVlPR1drNDI2OERoeF9wMzZVUWRmZTc4eFJBazJZNzd2aXkxMXBPNk1SX1ZiSUNYbGRJTmlRdTRrQnVLOWpBT195aDE3S0V6cURwTkhUdnM5M2tKYjVQSzk3RzU2ZDVsWGJPaW1Del9NUEFYaDg2RC1MSExDdldjdUdOQmR5TDVyNUFjQnBMX2x5M2NGM19ZR3BQUDZjRVJCVDdNMVlmMGpLODRn?oc=5,2025-01-02 09:53:46,de
E-Mail-Adresse verbergen von Apple in Chrome und Firefox nutzen - Caschys Blog,https://news.google.com/rss/articles/CBMimAFBVV95cUxPTEhNTDZuclpUWnhZRFYyb1poNENjYXVBR2dlUmlJWkdwQWZKR0JYc2lLdkpFQWxCbEx6SEFWY2t5XzBZb3lyS3JPaGdaMnFleTVXV3VYVVlPLXZVSHVxanZaLWszOE5scHBacHprRXAwNlMzWk5zSm9WNkZ3UnpLRk5pM0VrNm9RM213b1BqRmFrSl9wS2J5eA?oc=5,2024-12-31 10:00:00,de
UBS moderiert Apple-Aktienausblick aufgrund revidierter iPhone-Absatzerwartungen - Investing.com Deutsch,https://news.google.com/rss/articles/CBMi0wFBVV95cUxQMFgyTHlfNGhlVGRBOHo2ZTlJZUhjazVSQU4zcFJJLXV3aTVIQ0tIZWdJRDdPbUV5ZkktYVQ4VHZFc1dFOGRXM3FmZXRMTW5Nb1lUa0dHNXV5R3RfUFUxQlNVM1FaTmFpSDJFTFd2RmZNS0pnRFVlVjlScXprQ3BLcTRvdXE1TnZFdzJCeldSN3c4eDQ3Wl91eDktLVB2NW1DRHR1b1ZxOGdIWHVNUS1rUmtFVGFOcWU5MEt3RldxbmF5S2pxd1VMUUowVzlMVFdFSDln?oc=5,2025-01-02 10:16:00,de
"UBS: Apple ""hold"" - boerse.de - boerse.de",https://news.google.com/rss/articles/CBMiaEFVX3lxTE93RGswMGR2a0tFTXZlYnBSeEpaTXdFcDVTY2dGaEo3UXF3VEhmSUotcGxPVmZkbnY0eGRKMDJ2MnBiUjJBS1lPWE5QU1U0TWVSTW5MbHFtZGMyak05X2VBaDhZOTQyMnRT0gFuQVVfeXFMUGhnRXFfNkpDanVuOXRwOS1LVjc4Qm1SdW9kUFVCM2YzczhOVm44TzNyTUQtLWpqTXI5ZTFUam9Gc0lza2M0a1lmdkdWam9xZmZmUVJRM1lyajJGVWFyZ0VsZ2ViRFhLTVJfYmFHSXc?oc=5,2025-01-02 06:48:00,de
Apple Watch: iPhone-Suche mit versteckter Zusatzfunktion - iphone-ticker.de › iPhone-News seit 2007,https://news.google.com/rss/articles/CBMilwFBVV95cUxOZ2VEZDdpUnNkeHc4WFdab3NSck9mY2ZnamhHcjN0NGwxTk9YRkpLR3ZOZWJaUkpWTHp6ZXJ5UjVmTzQxNWF3dlE4RGpJdzlTMF9nNHRXaE1MX1J4dUZZaVNZRmdtZG9QZlpCSGI0Z0NpTTdhQXFXUmxfWVMzeC1kUlBJUlhGZ21YU2k0c0E4NkNXWW1SaHJF?oc=5,2025-01-02 07:58:23,de
HomeWatch: Eine Steuer- und Dashbord-App für Apple Home - Caschys Blog,https://news.google.com/rss/articles/CBMijAFBVV95cUxONmFRZGVCanNCVEplVnF6NHFjbGFhNHlld0tNbWljSV9wN0Zpei1yeHV1d3MycmFKbW5DeVlFaFhwbXhRa3owZTRVX0ZBRXZUVTBNRG1pOEtjSUQ0M3oxazdlY3NMWmNDMUdxdExuNEVLRy1qUnRFamN5ODljd3FFN1ZvNmRxUTF4VS1jcQ?oc=5,2025-01-01 10:00:00,de
Kostenlos streamen im Januar: Apple machts möglich - inside digital,https://news.google.com/rss/articles/CBMijgFBVV95cUxQSEFyZ3ladkZjVm1UX0NHWHYxQkROVkd5NlB2Q0ozdVlaU1dBUFVjWkY2QVVxU280MmtwaURLN0xQMFk4aXZDNXI2S1d4eGhLOWNZaUZ0MnN0elFWN2xMUFNTbXNmcTF3aFZ1N1ljWlZRcmVEU1ZnRExnRVMyZ2tZZ0cxbUhkZ05FdDJXekVR0gGTAUFVX3lxTE9QTFhSTUJ5aTZmVlFHZWh3MlhXT3dRZXFIWE9xX2dCbHBJdHozRmE2QVNHVjU3OXFydk0xaFVIVTkwYXlqRWxha1BPYVJtNU8xVE11ZW1hcUV4X2h4S1g5UDM1MmZyVVB6bmZQRFNPQl9XOXZuQmpTMUYtOXpFbVJlbHVVS25LTV9nUDJ4WUFHeElYOA?oc=5,2025-01-02 11:00:00,de
"Entwickler schlägt Alarm: Apple gibt Daten weiter, ohne dass Nutzer davon wissen - CHIP Online Deutschland",https://news.google.com/rss/articles/CBMi7wFBVV95cUxOSEVmbmpRS3ROS0YwQWZwZkh5d2NXWm5kLV83aUJsVGxJRU1RZnBjZ3hPYlNuejcza2tZZ1hhZG5femdlNG16Zl9kckM4NzRGRTh0ZjgyM2RRZEpLbFF3SlJfZWlTckVXX25ydTFsSmIzTkZhejBOSzZLMGZpRTlrTHFQNS0tQ0t4VkFRazZYb1hNVjI5M2lYaEFiSHRiZzBzd1ExMllSbVh5Z2lpUWdNVDB3SmlmUDFGTENvRnZ5M3loU0VWWjRkOXpjZGQzTEwwZ1J3bm1TSGNFXy1kM2hGZXJRLWtjc3dDbjFVWEJjaw?oc=5,2025-01-02 05:21:00,de
"""Apple intelligence und Siri"": Das bedeutet die neue iPhone-Option - NETZWELT",https://news.google.com/rss/articles/CBMingFBVV95cUxOcGZ5TXFSREtYaTVGaFRLb0FHUXBFY0ZWa3VWX2xTZXlIakdsSmpuOUZfZl9RakQxV1JKTVFqRjZObVp0MElqMXZLYlU1Z1AwemdJYzNPX3BaenhJYlBqS1luaUsxNWUyc05zTzdxRm0zYlpsV2FpNFZKLTdjVEFmWVJkX1N4cE5rc1hqZ3pOenU2TjNiR0ZDcTNGbXF6UQ?oc=5,2024-12-30 07:31:46,de
Apple Aktie: Kurzfristige Konsolidierung (BNP Paribas) - AktienCheck,https://news.google.com/rss/articles/CBMilwFBVV95cUxPenM4MG9RbG1aOHR6R2VkVDItYnhpOTN4S19nRHpPV3ZmTWZQQXl1cmdmUk95SFhkSlh1US1HaGxGcVUzZnJmYkM4RURJQnpqdlFrZlI1cUZtcU9nRlFfeWZZX1R3VEdMTXlxa0pCLWJMb0kxSFNJdG9ueGpNTXdGdHVEVG9OdW91clBPQ0xBNHI0ZUc0cHVn?oc=5,2025-01-02 08:07:00,de
Tim Cook: Apple will mit Gesundheitsfunktionen die Welt verändern - appgefahren.de,https://news.google.com/rss/articles/CBMipwFBVV95cUxNNHhYX0JqUVVhVlg1OGVqeWtBRVp4c2p3Q18zRzd6a2ROTzhRRjZsSUtFVXNCUXYzV0RQOTR2VVFYRUEwczhvSXJlelVud1V2OGhDWXBWX0llcmk4cGo4V1p5ZGhmVTZsaG5WMWNwSm92alloc2dpc1J3NXNFWnNCb1l5UGt4TFBjWEh6TVN4UjVHZUV0eTJEVngwNE9KQ19CQnQ3QUxxQQ?oc=5,2025-01-02 10:50:13,de
iPhone SE 4 soll ganz neuen Namen erhalten – und der würde fast jeden Nutzer völlig verwirren - CURVED,https://news.google.com/rss/articles/CBMiYkFVX3lxTE9heThzT2pmMWZhMmpQamR5MjI2dFhTNnMwNGxGWTdsaXVFTnNfTG1mYzA0dlFFNmJPMzNCOWxIVkQ3STFCQ2s5LUlIZ0JoWDlyUDhpZVZ0VWhObnoyc3NIUWZ3?oc=5,2025-01-02 14:38:01,de
48 Stunden lang: Streamingdienst wird kostenlos für alle - EXPRESS,https://news.google.com/rss/articles/CBMilgFBVV95cUxON1NzLWZXU3huZ3dwZUptdThmRS00NDlhQ09SYUhYaHIzVlNMLVpza09NSnZwTm1qOWlGMC0yckRqdVpPQmtxVnVCb3h4Rl9WeTYwUDVUbkp5RnljSVdPY0RMaGFYOHVhREZUVVd2Rk54b181ZTFhLU1oOHdIY1RjdGRPRXZSZXNfc3liTFRucE5rSnF5Z0E?oc=5,2025-01-02 14:46:33,de
UBS belässt Apple auf 'Neutral' - Ziel 236 Dollar - boerse.de - boerse.de,https://news.google.com/rss/articles/CBMikwFBVV95cUxOR3NQeVFVWkw5MHhJWC1BdVpfemdXYXFid2xQc3FaYmlzZ3Uzd2p2NHN3OGhGWGZzWTJDeTNVTUZTTG01SDdyajk3cTY5V2c3Yy1OZHdVcXNMX01RZ0w3cFgwY0NYcEtHUW9KUFU4bEtHUV9YRmY5MjFHZ203aGRxRVBfQk1Obi1zeUJTMkxodTR3cTTSAZgBQVVfeXFMUFQtdmRxT3ByMzFTNnYyTHM2TWJ5Rl9zSW1BQmpPanhZdGtieUJLWXM1UVdIMXdUZE1OWXlrZmZXQjVNWUlNX2s3eGhJVWNVLVVCcTdqd3l4c005Y2lkVWdWdXNNYzZ6Tm9PUUpVVVpqYnZjOXBUT0J4U0k3a2docGdMS2Fsd0t3Q0dybVdoR25wMzJIZkp3aEQ?oc=5,2025-01-02 06:48:00,de
Apple Vision Pro: Produktion Berichten zufolge eingestellt - Apfeltalk,https://news.google.com/rss/articles/CBMinAFBVV95cUxQOVhnbnh4X1Z4WExBUWotcG1ET0hJUW1yQTZWcl9EY1FwUWhETWNxanpBdFlhUjRLZTdhQmtVa3dWc041THF3U3pwQ2IyX25pZEhJTEVSYzBfcUQ3b0g3d2Y4V3RWdDBNcmZabXNvb1NBUkRzZFBlNklGX3JJU0ZPR3liME4tdDAwak5uQUs1ZTRfVVZJNUhlNFJfbXjSAaIBQVVfeXFMT1RpNFc4N245UVplNDNoNjk2N0RJM2pLRFlwNWJ4Q2RvYUZOZ2ZXMTFsTHNoMGg3dlBKejFMN1ZnbmptM3diWnFIeXNfandWTXpIcXJ0ZGp2WFM1dkM0SnFIcXdMSzZHU2hmeEZZTkp0VlpTeFZ3QV9Ua1FQZlVwdHpid0dEd0JyZC1LNExFaDBRc2VyZExOX3hSWVI3SmFpRlVR?oc=5,2025-01-02 07:00:43,de
MacTechNews.de wünscht einen guten Rutsch – Wie war Ihr Apple-Jahr 2024? (Mit Umfrage) - MacTechNews.de,https://news.google.com/rss/articles/CBMivwFBVV95cUxNbjlDR1YtLWx5X3dmSUFNckhBRlROQ29yQ1AwRjVMV2hsVkJWTVlsYVZmSDIxOV9EcnlyODc0b0ZuOFo2N29FYnVCbGNHUnpqZEo1SFI0VUdudzdtSU9yUkg2WGdjaHR5QlRDWEZld1lzelhiM1VKUGYtRnhIQmlsb3I1cVZ5NFF3QlFqZlY1WEpvVnZtbG1TdGg5SFhVUlQxeXlCdmVuVXNsOUt0ZHFtNFNMS1d0amtpZ3N0U1ZzVQ?oc=5,2024-12-31 14:03:14,de
Why Apple (AAPL) Shares Are Sliding Today - Yahoo Finance,https://news.google.com/rss/articles/CBMigAFBVV95cUxPeFVpVXVLQlhPdHctckZMc3hHaTFNT1QzR1Rsa1R2LWJfbEVDeDFMOWZ2UVNfYi0tQ011bk4wOEtOcVVlbkJxNTlnSUhqa3pLZWlaWHg2bmtfRFB3QkV0SDdsdWtMcjJpa21fVkZRejdEZGtBMVdnN2VHMXlnRkQzRA?oc=5,2025-01-02 19:48:09,en
Some Investors Are Selling Apple Stock Thursday: Here's Why - Benzinga,https://news.google.com/rss/articles/CBMirgFBVV95cUxNb2VYbGVPMGZUdVBkVzNoODZtelZJQjc3dkNwWm5UYTVhbTkxYkdpZFMtT0VVZ1JVRzZHNDlZOHdjY1FQNE8xTnpzUWJOWGxmZmNzM2lUNk9FbVhCaUN5UThfRk5oOFc2MGNxZjRDdE5FWXJxNWdKYmNCMmh0Y0NIdmlEMDRtYmJSWlp3WTVYdEtNOE9wdW5LSl85SEZNVFVDMGNWa0pldjZobUpuaVE?oc=5,2025-01-02 19:25:09,en
Apple Stock Falls On iPhone Discounts In China - Investor's Business Daily,https://news.google.com/rss/articles/CBMiigFBVV95cUxQWEhLUDRQQjBXUW9Ka2VvZWdLOTd1Q2QxN2lqNmJseEg1WDJMRFhEdGdWemxtOEpiUHVMVC1aeDdSQ0htamdpd2J0cnZDNE43Wjl5ZnNtWmZLQksxOXczaGNaQ2FvRkowa0JIZF9ST2MyczNYTmhWWURmbWsySm55dmt4TWRzRnI3Z1E?oc=5,2025-01-02 21:56:00,en
Apple: $4 Trillion Mistake (NASDAQ:AAPL) - Seeking Alpha,https://news.google.com/rss/articles/CBMic0FVX3lxTE41RWFQTE54TkZfWUtFTWdlT3FuRWQ1RDk0T2NEeW00SXlhNV9YUjhidEVxYnZyVWlUZ3FYRVBpSkZaaGhfWDM0UjRJM0dOUy1aRzNzM1VNMGEya2MtZm1LT3RvdEE0cUE4eHZGN05zSjZqZXc?oc=5,2025-01-02 16:00:00,en
Apple's Stock Has Reached Historic Levels in One Metric. It's a Clear Warning Sign for 2025. - The Motley Fool,https://news.google.com/rss/articles/CBMimAFBVV95cUxON01QV3RUNGlNSjlDSi1VM1Ita20zb1dHZEk2NTVQN2tlbE1lcF9GWng5bnA1WGVXR01QSHZGMHVXNVhLdzljSWFzMlVqM3gtd21tOGJsNGRCXzVLcDVWUksxRjBBaWZ3YWVOcEFHUkJ2aDMxUHJJLWt3dEZEcjk2aVgzZmJBUmdfXzhjTmR6VjFiSEhyQm9vaA?oc=5,2024-12-31 10:30:00,en
Apple (AAPL) Agrees to $95M Settlement to Resolve a Siri Lawsuit - TipRanks,https://news.google.com/rss/articles/CBMilgFBVV95cUxNMTFIUG4xQUNDcFg1SmJhYjFkQzgzYjdCNmVrOF9wMWVTU1dNbTFsN1RhN0ZFVnFfNG9ZR0I2dnMwMkpZMWdtMTg4ZFdqaEc4bXZmUzcwTVpKOWE5QThHdV9ZUEkzSnhLOGxHQ1VzM2Z5QmNqVm1hdHcyeFdHbW5hQUZ2SzdLVW5MTkFoRVBOZ3FnSDMta2c?oc=5,2025-01-02 16:22:31,en
Analyst: Reports on Customer Response to Apple (AAPL) Intelligence Are ‘Mixed’ - Yahoo Finance,https://news.google.com/rss/articles/CBMijgFBVV95cUxOVG9mV1FoaV9IOU1zVWJBdlQ5NFJfdmVDUVQ1d0Y2Z3lXUXpMTTVyLWxPZ0Q4cHRDdHBxLTVscGhOcEhOX3NtTUIwVXNCakZmdVE4SzYtalMzME9MeVMyNWxhUnl1NFVHTjhzU2g1dE9DZHcyS1d1cUdiZDhfSFBIanh0VUZnN0V2TlRWZVFR?oc=5,2025-01-02 14:33:12,en
"Apple to settle Siri privacy lawsuit, agrees to pay $95M - Yahoo Finance",https://news.google.com/rss/articles/CBMihwFBVV95cUxPR2gwNUZVNnZiaGtqeFA5eW5lX0hCYXd3VTBaNjlJRk9XUHB0Z3NtdGYxWFhoYkRqQ0Q1TDhZWmZOZjJQOU51OVhONjNQbDRJZTlaTS1RekVLc2NSaG4xMVI0MUVLeEpCcHJHR0VlVVJKVnBfTUc5YjlKRnRFTXRvYVBteVJFQmc?oc=5,2025-01-02 21:38:29,en
Where Will Apple Stock Be in 2025? - The Motley Fool,https://news.google.com/rss/articles/CBMiggFBVV95cUxNV1c0Y0haUE1fWEJ3S1VBV1hOaU1JVDVaZEdMcDk0TlhXR1hIMVJsMUM1WkVIOTBEcl9nTEF5dHE3b3hqanQ1azl0aXVSZ0Q5UHRPWTRxd28zV2wxaW1NbnZFSlN5d2NsOVA5cGR4cmNIM3Y4Y1lwZWxZS2FvUE52Vmln?oc=5,2024-12-31 14:13:00,en
Apple (AAPL) Is On The Cusp Of A Consumer AI Revolution - Yahoo Finance,https://news.google.com/rss/articles/CBMifkFVX3lxTE9UMVdYTlVVeWNoT2VqclhlcUJvM3dzNUNrcHk0ejFxbVlPYUVrQk15eUpkcV9IcDlhMTBOcThObjhBMFNoV01PXzk4SldJdXJGT19ZdEs2UjU2OVl2ckJlaE16LWk0ZW5YWHIxZFg1Tl8xWlV6SERiN2R5bEh6Zw?oc=5,2024-12-31 17:25:48,en
Apple: Why I Sold The Generative AI Hype (Rating Downgrade) - Seeking Alpha,https://news.google.com/rss/articles/CBMihwFBVV95cUxNTnBLWEl2dE5lVFB1SjU0MFNpVnZ6U3ZOd3BqbUc2NW1vZFRWV1ZjNENWWEFtWG9rSWNBdlp5Y0cyZ3VSdHdNMjZ3alJWclR1cENOVm1ZQXRxNVp6M1RrUHR4YWZXNVVuS1dSRS1pV1pHb1NxWnZ0SkhiOXpZaUlFWGZNSmhrYmc?oc=5,2024-12-31 18:34:00,en
"Apple takes action to address alleged labeling violations on AirTags, says US regulator - Seeking Alpha",https://news.google.com/rss/articles/CBMiwgFBVV95cUxPaTBZNVJ1U1BGS3lrTVdTajNBZktCakg0bE8wdlJfaEtYRDI3TkFRSjlsYjBsVWxIZV9vZDJNajFjdkZFVjdkR2tCaU45cmFHaUVVbVNUdWpaOTY3UW1XV09YLUtTSEZWS3Mtd0pqWkEycEhUUVVyRG43bDBldzBkcmM0dVV3T2JnYWJTalJONmZHSno5YUg4Tk45RHBaMWRaY2JGUUYtNlJLZGJWVnhlTDdHVTZyZE1UQU4tdG9aMk9Wdw?oc=5,2025-01-02 16:53:00,en
Apple (AAPL) Must Rethink Software To Justify $4 Trillion Valuation - Yahoo Finance,https://news.google.com/rss/articles/CBMihAFBVV95cUxOU3NCeXd4S243anM2dFlrOFc3bTltMWd2cU8wLUR5bDVPcFBhQ3hPamdXLUo0ajZqN0RfWVA1Z1VLQ1ByTWdIclhWWUtWUmFTUjBrQ1JUQXJuVlZudkZ1UHdxczltN1NVRzZORXZyM0pCelNVRW9UcjVaV2ZaeVNCMVh2Vl8?oc=5,2024-12-30 14:35:46,en
Apple to pay $95M to settle Siri privacy lawsuit: report (AAPL) - Seeking Alpha,https://news.google.com/rss/articles/CBMilwFBVV95cUxNb2J4VThCOWNLNnVNVWRYaXJxemctc21VMHRnX2ZqRzA5a3hjZUJiNXIzZjJIT0QxTGdXbjJ5VkVRNHZqbWp0V2w2QzVUazhFb3g2Wk9LTTkzNnBYUzN0aDdDYUNLNzI2UDBKSmRsMWh0ejdIYVdpMGtSV2RuSnZGRFVqZTN6RlVDdjRER3R1bTdGUUZvUjhJ?oc=5,2025-01-02 16:42:00,en
Apple Stock Hits All-Time High Thursday as Analyst Sees 'Golden Era of Growth' With AI - Investopedia,https://news.google.com/rss/articles/CBMivgFBVV95cUxPWjIzOHk1S1dpdTZMcDdsektHaWYtOTZ5andIM1JPM3V6TXlScFlSVThHTGhIZ3NZaGxpT2UzOWk2MEh3bUd3SmpsdW1oRzFNUDF3N0JJYzkzMEJob3hVSlROaEFpcGlRVk1sNHYwQi1MeXBoQjRUSUhJMnAwbmViSk9KSkpIdFJZcnRjYlAtT0pSM2ZjMXFPcXR5aXdCSzFMMS1PZS05ZXc0SndRcTg1R3poV3h1Z1czTEYtRElR?oc=5,2024-12-26 21:27:41,en
"Warren Buffett Sells Apple Stock and Buys a Restaurant Stock Up 3,100% Since Its IPO - The Motley Fool",https://news.google.com/rss/articles/CBMilwFBVV95cUxObm1jSlJycF9WWjZOQ1BxU1FneC1sTVhiSlNnWkpCQm9jYjRFM0FWTTA4cktxQjRZeU9FU0hOWW9TbVcwMWVlQkRQYU1USUJ5TnJSSlJRSEVQZ3R5aTZqaElRa3lKOVpaTzBHSWkxWnBxVDBhMWpjamJfb3NpZTY0R3RaTDJTcEU4cGh5MTIxTjE4a2tUNURv?oc=5,2024-12-28 08:30:00,en
Apple stock touches intraday high after nod of confidence from Wall Street - Yahoo Finance,https://news.google.com/rss/articles/CBMivAFBVV95cUxPcGxNMlhTQlFudTQtTjNtZG5nYnIxalQ4b2o5WElJakJqZTF1LVViT0lyWmRRX0xmRnRNbG5aWjRuS2ZaUXcxN29sdE4xTDMzSlhiUThJS0Q4ME5nOTFqZ1R1SmhLemdXdlpiaVNKbkpfcFIwcmJ0Yi02eFNZbHlLdUdQd2t3dVp5aVRLdzJkN05KV2t3aFFRd25qWFVyRXVyWDF6eEZwS3c1aTFvRXdFd3JkLUxsN2x6enQxbw?oc=5,2024-12-26 21:15:24,en
"Apple On Cusp Of 'Golden Era Of Growth,' Analyst Says - Investor's Business Daily",https://news.google.com/rss/articles/CBMiiwFBVV95cUxNZE40OXgwQ3ZzZlZ3N1RzSjNWdUo5NHppTWh2azRNTjg4M3dnckwtVlhucjFCOHo5YVFza3VEcHZreTZHeW42VXdLaDRmX0tQX25oa1dUdkRKN281UDZpM0pJakdiOFhqYUVRZW5jeXpxNXViYVRETGpJTTRNUG8xVVVCUW5EeUdBeFpj?oc=5,2024-12-26 22:33:00,en
Apple to pay $95 million to settle Siri privacy lawsuit - Reuters,https://news.google.com/rss/articles/CBMilAFBVV95cUxQbUg4X0VnajdPd1NsVzZia1BvbTZjcDBhWGVPMHB0ZlZObXdXWjlkeFVocFJkamhIN1Jkb0s1bThqUGNOdV83UllOTnhkWEdnbWtjR0JMZjBfV2NDZ19EeWoxRUI3Y0VPdzJPVl81TXVwYlVaNmFZdklrVE9haGloeDNWTlRnS05ZOV9yblpVN09ZZ0hR?oc=5,2025-01-02 16:12:23,en
Enjoy Apple TV+ for free the first weekend of 2025 - Apple Newsroom,https://news.google.com/rss/articles/CBMiqgFBVV95cUxNbGlfZnR1UXNzRm84YlI3aExTdk9XcWhZcW5kTlRjZ0R1OXczNG5kU3dPOWpuYWIzd1lEb3JzZE1kWk4tRVZKM0YwTzBwOTRoR3U5LTl4M1FadldQZTRrYVVvUmdkY1lpb2NnZ3NnZDg3M3RqVG4wZWw3RHNHWG4yT2JJYUh4QnpFOUV6M3o2VGJ3TnpoYWJsVFpVYnBwbEtfTm9XREljUERpZw?oc=5,2024-12-30 18:19:53,en
Apple Stock Dips 3% as iPhone Sales Slump in China Hits New Low - Yahoo Finance,https://news.google.com/rss/articles/CBMie0FVX3lxTFBCY2JDakg5YjdZRm0xeGYtN2ZQcy1peGswVllqZ3RyWTZPa0xwN2lFdUZENk0tNDFPSmQxanU1RC02Y0hhZ3QzRXFKQ2puMGhiYTBkY2I1LVczYjZoUGdRNHczenlROUFLTms5YWladVR1a0lrYnZOZUdvMA?oc=5,2025-01-02 17:49:07,en
Apple agrees to $95 million settlement in Siri privacy class-action case - The Washington Post,https://news.google.com/rss/articles/CBMinAFBVV95cUxPY2UtVU1BLXBDekVJZ0JTOHRIWlVNenFwVUFSR3JCT2IzVjdZRXFsc25sTVhVNUxmUHJMMktURWhHMXhwWW9FWDkxNFI0SlBQZjQtQnB5WUNyMlBTVWpxbWo4ck9PbU5lMlpBWV9TaEFfTFQzelR0SGxXOFFlMW9xVFEtRTdyQ3lSQnpXaGh4dHh1MW5IWDl5T2pCV1I?oc=5,2025-01-02 23:57:49,en
Apple TV+ is free for everyone this weekend. Here's what you need to know. - USA TODAY,https://news.google.com/rss/articles/CBMinwFBVV95cUxOV2kzNGxaY1Ffclk2RTczbUNoWmpHamtXQnBTbjgwNlVfUE15MW9Zb255bGxJRmxRWFk2bVl1S3Z5MUdrMEk5Qm91QUxhUzBlUDVHOVUyNUJmVjRrMzV0Ynd4ZTNYMnZySUoydUxGUWFKaUcxY0V6VWVoandkRFVELVptYjkyMEtBVDJ6c19pc19RQ0g0YWVxR25zYXlPb1E?oc=5,2025-01-02 22:08:28,en
"The best New Year's Amazon deals: Save big on Apple, KitchenAid, iRobot and more - Yahoo Life",https://news.google.com/rss/articles/CBMixwFBVV95cUxNZ0d5QVM4TVYwVWpQeUdTNUVpTVgwaDdhM0J2RFMtd1hUbEJmT0RqVjM3OEx1a0JteTMxMm52eGhXTUVtTE0tUUN2cEJTM3NMRGlZZ1dnWlNNXzR3ZjdRV19zUEpNejZ4T1ZBSDBnVm9NQTQ1S0c0ODNjdG51cTVEdG5tdVc2cDlGbEVscE1USG9HZnU3cWlGdXVGa2Y3X1BtczBPeGpGZTl3LTJjaUFnby1oWUhpOTJiempvSUpWZ2ZOYUdJcU9R?oc=5,2025-01-03 01:15:39,en
Apple offers to settle 'snooping Siri' lawsuit for an utterly incredible $95M - The Register,https://news.google.com/rss/articles/CBMiakFVX3lxTFAwYXhDNTdpXy1NajEzMzBKQ2NtQmpfaUhyUjFoR3U1RjFfWkU1UDJNY0EtY2tYaUJ0djEtSDRHd2VLWDctbVFZcG9VbHdiQW5tbk5EVV9odXlLNWcxaHlPVzNhLVZnZnZKWGfSAW9BVV95cUxQQjRnMW4td2J0eVhDRk11UmFQSU1SMDN1RXdmanhDS1RmaGFXdTFkU1ZhMllDWGEzbk0wMzZhQkVIQW43RmVEdlBySmREbXZGNE1qY1VEcUctLUtyNlV5aE1OZzQzU3NINk1kMUxpWEk?oc=5,2025-01-02 21:15:00,en
"Dow down 132 points on losses for Boeing, Apple stocks - MarketWatch",https://news.google.com/rss/articles/CBMiswFBVV95cUxNb1l6X3dNR0Q4OF85SzE2dFJUcHZNSXRkajc1bFVrRXh6XzdaWS1aenhNMUc0Z1hoaWNSbDRlRzJnWWJhSXk4YUlSbjV4Y2cxOW1KdkFyQWgtWVNRZWJtS1ZQRVpWTlhEM2JVaFVfaklHcDI5QXcxSFhmVDhTRDhCNDFWRndoZmtpU0dNSXpONlZ5dkdIUGZNNFd2aHA0NF9WNmFpRUtoWXZLV0E4bjRxRi01QdIBswFBVV95cUxPRkRIdWQ1V2lybEZ1d08zZ1MxcUpmbWo0QjJXaHFVcC1Bal9DZVkyTU9pYml6NGpWVkUzUEluT0Z2QkdLR1pLa1paRWUxdmVrckRZTWlaakVac1NLYUt3a3VEVlZnNXo3eE9NZVZ1azJoZnRyaWZFTzJDcU44d1B1SzVpOGxGZnd5SzlyRnE0WDZkeXB0M1hybm9aZDZOM3E3WHY3dGNBeUV0MGlYS2ZHdzhrWQ?oc=5,2025-01-02 17:29:00,en
"Apple iPhone SE 4 To Gain Surprise Name And New Design, Report Claims - Forbes",https://news.google.com/rss/articles/CBMirwFBVV95cUxNWXdQRW40c2pkd1VYVm81TC12aXlkdTY5UThDRGkxOXoycEhXaDdLb2xrY2hVWkZfYVNjSG42SWtoT1djemE2eUFCTHFkVWFIYk05eWgtbnNjUGxNeGZVU3NiNGFzcWN5ZVdwTmNQZEhrU0ZYRlNyWHlvUlM3cnlsd1lQMDhNdzFZYTRVZ0NNYmhSaDltZ1Ftd1VwUXJBblJJNFpQbERjTjBCaWl2SE9N?oc=5,2025-01-02 17:03:12,en
Apple's iPhone Sales Disappoint: UBS Slashes Holiday Quarter Projections - Yahoo Finance,https://news.google.com/rss/articles/CBMihwFBVV95cUxPVG5qV1E3VTNRVTRpQkFmZFp4VEViZFhKajdsVV9WaGlIRHVvUk1jVk5IZjBXX0Y5Ml9JT0NLajIxbExZU2NnSjg5MTBMWktwLXBqR29jX0QyUWxFeEM0NENsRFN2azNsLTR1R2NYbkRyTjNkbHdOOFg1TWliMi0zSFozdnlVUVU?oc=5,2025-01-02 13:26:38,en
Apple Agrees to Pay $95 Million to Settle Lawsuit Over Recordings Tied to Siri - The Wall Street Journal,https://news.google.com/rss/articles/CBMiwgFBVV95cUxNWlRLNW9BalN4TUZlSWIzdkhPa05YWGRNa0FPYXVpajUxNmlXb2xJZF9jZlRBRThIc2hTU0hrLVFNNDRMVFVZb24wODdhNUxUcVBoSDJVSFZRYk4zUnZ4dlFDNVV2a3VMTmMxVTBGcnlXTVU3eG5ZWXFoaldoaTNNMVZEcHhtQ0lYazAwYllDQTZEbk9HaTd4UG9DMmRwejVSRGhUei1HUmtCV2QyR2JFQ0tOWWljV0VwTmEwY0pSRnNpUQ?oc=5,2025-01-02 17:10:00,en
Apple settles Siri lawsuit for $95 million - here's how much you could get - ZDNet,https://news.google.com/rss/articles/CBMiowFBVV95cUxPU1R0RTA0MnpHRnZUTXdzT0VpQVZKbHVoODlHZVlZTnl4QkQ2RHFIY2pGX0x0cVN3ZDRuNHlRVU5ZUDZGSUtETzQ5dk5DZHNiRFJ6STI4SGpUMkZmdFpYd2wzQzlWRUpHX0R5bVpDZU82YTlvaThicm5pZUtNR2QzRWc1b3N3emYteGdxbDNTTThOWkc5WkdZcUJudFBTc1M3ejJ3?oc=5,2025-01-02 20:10:00,en
Apple offers iPhone discounts in China as competition intensifies - Reuters.com,https://news.google.com/rss/articles/CBMiqgFBVV95cUxQWmljWENKZkJQOHFQMzluUzVpRk5pZDdLNG53em5Lal81V3Z1dEV2andyZmluOUxGVlVwTGFmZFRSRkdwTDE4bV9DLXNWdFd6UzV2NWpqYU9fUXdLZnVrdFlHZzZkZ0xjbmliR3M4bWlvNE1uSkNtRENCRzFBcnAzWnd4dl9lMi1yTXY4eVh5d3JRWEkwODExbUlTTU1BenFXUWNkakN5OUFfUQ?oc=5,2025-01-02 06:02:14,en
Apple will pay $95 million to people who were spied on by Siri - The Verge,https://news.google.com/rss/articles/CBMioAFBVV95cUxORUcybXd3SHN3WkI1WktDRzRtcEk1RjRhUzZna1hWelhlYlpndVdfZnpRaFRSM1FGclEzZ256OVZZNXQ0LW1keVROYko3RWhTODhfVGFvQ3BsNVJyc1hDYUdIRGZyZnlFZHdzYXUtc1NDYkswRDJuQzdqOGJwOG5RZC1uM3B2OGNIcDVtSkZraUs3enhOWGpTOG1VclU1Qm1T?oc=5,2025-01-02 18:40:05,en
Apple to pay $95 million in settlement over Siri eavesdropping - Courthouse News Service,https://news.google.com/rss/articles/CBMimAFBVV95cUxNUmZlVVlpWHJ6cV91YVNETlo1Mi1EejhEQlFpUDY0VnZLUlJhUl9rd1VrNHh5T3FFUllITzM0UTZCbW0zY0Q1aUVEUDB1MUhaZ3JyN0hyZEpXQjNPWWJtcnRaN2t3Nk5GMzZFdVlDcjJlU21PYUxZWjFTSlhuWmp6OGtNZEpRNXpnYUNOODF3X3l1YVBkUDlkWQ?oc=5,2025-01-02 23:45:16,en
Millions of Apple device owners may be eligible for a payout in a proposed $95 million Siri privacy settlement - Business Insider,https://news.google.com/rss/articles/CBMisgFBVV95cUxPM3JvWC0zUWdIcXZFM0NjNm5BLVFJVlZMd0JTQjFhVU83NlVCVEdSWlNkTkIyLXR2TGs5dUhJb3kwd2ptTEdUdUt4R2RHa1BRM3RkeXdkeVdBZExyTUM0NVZNRUhlZWw4cEp0ZlhuZEZqNzVPcTl5NXNobVhDd0tIbjJyODY4RGFMcUtBYVFERHoweVozR1NvOTZ6b0dEenBJdWFNQVc1WHNkOGRfbXdBWTRB?oc=5,2025-01-02 21:35:00,en
Stocks Settle Lower as Tesla and Apple Slump - Nasdaq,https://news.google.com/rss/articles/CBMifkFVX3lxTFBDQUVqTW1YVS14RGtkZ2dISlVPNXd3R2ppWFBVOUFwSTVvS2hVSkVkVmZBSnVMbzYweWpiZEJZLTZYc255WVdRcHRFTGktTldwUUtGb1JIU0pwTVpnVHRkWnF4OGJOMEZJTDR5dmhMcm9XNUZLV2xxOWwySEFMUQ?oc=5,2025-01-02 23:19:00,en
Apple's $95M eavesdropping lawsuit settlement: What to know - LiveNOW from FOX,https://news.google.com/rss/articles/CBMibkFVX3lxTFA2UXZZUkxTT3A0aDFoRk00LWhtZXU3TnhQbFdGMHR2amw5Mm9oNDVHdm1LRXpFdkN4X3ZUSDc3ZHFxLTlWcllmU2RuNUZJZGhYOTZ4MVZlaTdGUFA3NFZfRU15RnYteHVVaTZCSjVB0gFzQVVfeXFMUFljNjZJNTJwdTFrVGE0b2pzTmFQck1jV2p5aF9CMm9rTWpuYkxkemxzM19ad2tST2VUR0VOdl9rVXJxUm1kS2JiQVd5cFl6NjZ1bmFWeGJRQXRMXzFldW5KRk54YU5GRGdpOVR4WC1weGE2SQ?oc=5,2025-01-02 22:55:45,en
Apple to pay $95 million to settle lawsuit accusing Siri of snoopy eavesdropping - Yahoo Finance,https://news.google.com/rss/articles/CBMifkFVX3lxTE56bHRQNGxzU3d6NlpHbVk4cHlEOFpybUNSMDFhWVNoOTdieDBYa3FLQTk3UTdEM3hpdWNleUxka0FvbDRpU1BtMDRzZkp6eXoybTNrZFVFVXN0OFQ5UEI1cTdqa085dDAwZG13bHZoVjNHX1VBS3hhZWJOT0F6Zw?oc=5,2025-01-02 20:10:29,en
Apple Agrees to Settle Siri Privacy Lawsuit for $95 Million - Newsweek,https://news.google.com/rss/articles/CBMiggFBVV95cUxObXdVem9MVlFHb2o3bDZMdXU2X3RkRzlWaVNiclZ4Z1RDSzBua09RbDktRzFuVWNEM29NWE10eVpQMnhyUTVCYnNSeXpuYjRyaXZETHAtUkt5QTR4dmZabzM4WGMyMUtKRlJwVnRWT19BNElKeE8tN2h3aFJLbTRIXzRR?oc=5,2025-01-02 22:17:51,en
"Dow Jones Futures Rise With Market Rally Near Breaking Point; Tesla, Apple Tumble - Investor's Business Daily",https://news.google.com/rss/articles/CBMirwFBVV95cUxNQW5tSEtGd2loTWYwNEoxQUd1OXBNMW0xOG9Vejd1aERXMHNLeTRzV1ZuRnRTUVk1dXFld0hXZzJwT3dPR1poOHBWNUVsMVREeTFQRGNTcnBvNmlNam5LMkhWUkJsd1pZMHZIR2h5X0tSTWNfaW1xeGxDd01YeWVqTk4zSElPYmR2dVYzbV9FbmpRdWI2dk9nenNyaVVLZmk3S3JKLWFOd0V2RUV2YnBj?oc=5,2025-01-03 00:43:00,en
Siri “unintentionally” recorded private convos; Apple agrees to pay $95M - Ars Technica,https://news.google.com/rss/articles/CBMisAFBVV95cUxQMmMwbUNuMFZGUndsZmQ1QXlGaFh3ckxjRTBBQkNsMll6dUdzVThWbGp0a2l3ZXJNbld2Q1poM3JjY2h3M1EydzNaVXhXc3AxQ0owTmRudFFUXzBXWkRfYmJkZnp5U21pMHN4VUg0VDNvcl83aVV3T01mbHdMSTBBcTJYSnpoV2dtLTk2YnRPX2szaGhfcm8xN2Z5bUk4azI5eEVLa0ZUR0k0M1BoUlVibQ?oc=5,2025-01-02 19:29:36,en
Apple discounts new iPhones in China amid increasing smartphone competition - Business Insider,https://news.google.com/rss/articles/CBMifEFVX3lxTE9Td05GZ2x0TWJJNHladV9fVzNEeXhpTDhTOVNoblpOclRWQW5nN3hhM3dxdUY4dkJXWXJwS2JqVXNMZFI4THk1VmVrXzAxYVF2eWdnaFJVNzVTcS1wVGFTTTRKTElITlBWQWVaVUtPekpLVDlCR05WNjQydGU?oc=5,2025-01-02 17:36:00,en
Apple Inc.’s (AAPL) Discounts Signal AI Challenges In China - Yahoo Finance,https://news.google.com/rss/articles/CBMigwFBVV95cUxQdV9OZmpDZVFUUDlKWlpRSHdFTk4tM1ZZdkNmZ2NEbnU1MUZmc2h0bzBqYUU4Y1g4Nkxya3NCNDM1LTNBTVdfSjBtWmdHU1dFZ2dEc05fZDdYdGVkWERScWNtTzBiZk9vdlR4OXlRdldYal96bGFYSGRDSGlrR0NTOVM4UQ?oc=5,2025-01-02 14:59:55,en
"Amazon drops Apple's M4 16-inch MacBook Pro to $2,249 in latest sale - AppleInsider",https://news.google.com/rss/articles/CBMirAFBVV95cUxOQzJEdFF3b1RZY2pnN0JfQWVXbHNTX09waGdfMmRod0U1Y3FDcVpHN1Y1WDc2ellmQi1MTUt4TlZ1ZExSak1seWdkcU5KM2JWZmEtQXA0V0JzSC1NUy1yeHExQ1lORW44OTRSYzMydmhFOXNNX05mZGdqZ2M0OG5zaW5FbmdiN3NPQm1DTFRScEc5Q1ZBTDBpOFFCYlU5b2I2M1lRVmZ1akhpT3Mt0gGzAUFVX3lxTE1jQkUxTWhkY3BScVRrcWVob0JEdkNYeDIxc01Hd3Q3X1VmVDhfNC1sT1RzM3ZKSlp1TFZVbks4UmJNOFFEYURTWVRCc1l4RlFZeWNIZ3RySDhPcUlVMnhrdHBaNkZpQUVyVVljVVlzNU1iTkJRTkNaZzhBS1h4b2VxTHFMM2UtSmlRUXBuNWdKRUE2VWVieUZjV1hmRjhpYVAxQXNhcW9aaTFGR1VoaThPN1N3?oc=5,2025-01-02 23:58:29,en
Apple Fires Back at Huawei: Massive iPhone Discounts Shake Up China's Smartphone War - Yahoo Finance,https://news.google.com/rss/articles/CBMigwFBVV95cUxNVG9vVDRxNjVLam9UaVdPV2Z4QzVXLWhXaGk0dVh1czZleDd1TG1hTEtqdVpzUWZKSGlZbF9DOExIWWVxb0cyenZLZ2ZlMHNUVmRWR1pmUWVJbndpR29qWGpYSTkzMzkySzdSWUNrdkhhcFdCckxGclNhZ3VsMHdnVWhFRQ?oc=5,2025-01-02 15:08:25,en
Apple proposes $95M settlement in lawsuit over alleged Siri eavesdropping - UPI News,https://news.google.com/rss/articles/CBMipgFBVV95cUxOX2wyS0lEbklwblo4cmNkaC1aYUNjNDdBOGx2ZTBWWlBQLUI1ckRDWnVFQ1B4M3QtV3N3UFg4SnhCWkVSNVFpcDlmMHFzSFdsX2YtZ2ViS0FGbGhsUFdVT25rQmVVbTlzVXFUNGVoTmRKZEJzQkU4QnMzT2VZY2t6alk4X1BvaS02U0pwd09jMmIydFU5eFpDQTJ3VlVXLVNyU1BKNkx30gGrAUFVX3lxTE1wVGNsdG5jM1NkTkZPUk91U05uRkhQcVgwMkFFMURIVlRQdC04SU9mamdwUkFqendta21LR0RRNlo3NUxsdmJkcUw4a2JSNFlQLV9rOWZLYmsydVo0cnA3dUh5c015YklVVVVVdXh0d0twRF9YVi14Ykl6T0hxajR3SUtVTnk5LVd2ZE52eXNKa0Z0dXdjYzhKRWhWUDZwT3UwRFd5SmJFQ0ZBQQ?oc=5,2025-01-02 22:39:33,en
Apple launches holiday sale in China as competition heats up - Yahoo Finance,https://news.google.com/rss/articles/CBMihwFBVV95cUxQRFV3WW1YREdQeHplNUVac0dQWld1TG9DTEpqLThBY3EtWEZIc1hrVXFrbkJFN0w4dTVWQVQ2bFBTMXltUk5lbUdmdDdsc2hYNlJ3RTdXUGtxMS1DRHFCdFowQ01nTkJNRW5FbUNfWmJYSUVSY0lpWEtNdFFNZzZreFA0Tmd6ZGM?oc=5,2025-01-02 15:00:10,en
Apple to Shell Out $95 Million to Settle Siri Spying Lawsuit - MacRumors,https://news.google.com/rss/articles/CBMie0FVX3lxTFA2OWVXaFdUb2g5ZzZWaUx2LTJVU1ZjNDdPNHUxUVpFR3h4Y2JKb3EtbU5ncExTYkE5TFdDVUdxYWNVdkYzUHVpcmpVd0hXWWRiX2pWaXNTbnpDaC1DbTNCR0R5R0tSUk5IcVMxV3MwVC1vUjZsXzlKeXRtOA?oc=5,2025-01-02 19:17:55,en
Magnificent Seven Stocks To Buy And Watch - Investor's Business Daily,https://news.google.com/rss/articles/CBMifkFVX3lxTE9hRE1LVmJfUlRhazlEN0VsNmZJWC13dHdxcDZzVWZ1WVNEUllsOC10Y2RDVGRlRVRfY3pNSEIzQ2xSTzBGM0pBb0Z2dGw2cjFvRG9QSmdQbElILUxtMXA0S0hDNS1EQXRkWTdHNHdob3pPeTdNcURSLUlqWlZlUQ?oc=5,2025-01-03 00:26:00,en
Apple to pay $95 million settlement for Siri listening to your private conversations - Mashable,https://news.google.com/rss/articles/CBMiqwFBVV95cUxNaWFRWXlYUEJ0SUUwZmN2QWVnS1ZWWmVJTHExTDRYYV9DQzJ2NUJCX29lckFUVjNjV20zV2dlU09CWjhLZ2hzUXdkWUNaYVo4elJDX0t0M2dnSVFFd3djdlREQUxnWlYtQUptY2h3dVJucEEyeGZaZmlaRWdNdW9SYW9yR3BDcUVEZUxkeGhhRWlXbk1tVEZrcXNTOTJPeXFBVmszTUhfanZmX00?oc=5,2025-01-02 21:24:12,en
"Jim Cramer on Apple Inc. (AAPL): ‘It Was The Dumb Money That Was Getting Out, Because Warren Buffett Or One Of His Assistants Made Us Nervous’ - Yahoo Finance",https://news.google.com/rss/articles/CBMie0FVX3lxTFA0YTZqUWhucXVaQVY1OWk1SjE4elJOYTRid1Mwb2dtdHp6V2hmMkpKZmprdG91cWJrdWpwNkd6bjE3UVJRaGhqS0JvOGhOUmF1X0Q4X3RFZXJURGZjUFJPcGw3Q0NlSWcxbm1OWmMwSk1iTm1PVHpRcTF3SQ?oc=5,2024-12-30 05:37:37,en
"Apple will pay $95 million to settle Siri privacy lawsuit, and you might get a cut - 9to5Mac",https://news.google.com/rss/articles/CBMisgFBVV95cUxQYUxoTWRmLXVwa1JncVZsajk2WWhXc2dSdVVjQzJnYk45amhQalZiQkJ6djFiRFg4VmFwU3F1NGVsbmpKQzlIVG5iT2pwZVdrNVlXS2RQV2xCRnBJVDFZY194cmlWc2duYUQyOTFwa013T0hubjVmN3JhU3A4R3V0M2dqUmtkWjl5c2Z3ZnlRWEU3Y0VieWJMYWc0NFFNb290eTlNUk1CSzFrV214RkJGalhB?oc=5,2025-01-02 16:33:00,en
Millions of Apple users could get cash in $95M settlement over Siri complaints - SFGATE,https://news.google.com/rss/articles/CBMimwFBVV95cUxPUVNEbXdmdks0X29aelUyMm4tM0dULXZWaDRkQzRmYVR1RHJINldmNVM2OHdQSHFGOGV4SVJKSWl2STR2MGhUUmlLOXZnQ0F5Y1p0M1dFUGRtOHRBMnhNSHhMTHV6ekZaalM0TDFCZ1F1OU1kLTRocTFwQ2tDNGx6eDhQVm1vY21tTTNDVEdrWFJRZEtlUDFHQWJsUQ?oc=5,2025-01-02 22:38:51,en
Watch the entire Apple TV Plus catalog for free this weekend - Polygon,https://news.google.com/rss/articles/CBMifkFVX3lxTFBGdjROVHhnVzJjcU5PNVNnUEI1aG1zcGdiS0wxNGVTWnVqY1pYMXFtTzliaW54Qzg1S1ExbzljVVdEMzllSWJKN05idFhLUkhvNUxXV0tBczQ2OFM3VjlCcHlteDZjcXJEa0VMSUFfTXlvZmYwOFItQ3ptamVjdw?oc=5,2025-01-02 17:46:20,en
How to download the delightful new Apple wallpaper - Creative Bloq,https://news.google.com/rss/articles/CBMijwFBVV95cUxONE1XM0lycnZ5eFZlMDlMMm5kSlRxakIzeE1mZlpGbXctdy0weTkyNHFyNVUyaF9xT0hyWkRIellYSC1NQmxlN1MzNUUyRWRLVUxsRV9mcEFqYnU1QjFiQVFOVzR1QjI4b2ozMk1keUFsWmN2RUFFWHA0a0dWYnA2Mmg1MDdDUjdYYzNXQjBiRQ?oc=5,2025-01-02 12:27:25,en
"US stock futures steady after Apple, Tesla losses dent Wall St - Investing.com",https://news.google.com/rss/articles/CBMiugFBVV95cUxQOS1kWGZ1VEJpU2d5cGxaMkxVTWE5MVE1MzQxS1h1SDRzMi1BVWVabDJfeDFCc05lLV9VSGhYSHdNWm90RjdsbG5JN0pfdmtUVDdiOTVuOXI2UUJwZFlPQzIxd3lpYlBEbmh2Y01zdnZhNG9sX29ISkZDRmNJaXlIXzJ5OHhaWThVTktVOXV2cWl6TXNYUXcxc29YdzIxVk5uVVN3ZUFuQk5zR0NQQlNlNHVaNXVRaWRWUGc?oc=5,2025-01-03 00:12:09,en
Apple Watch Series 10 Price Slashed To All-Time Low In New Sale - Forbes,https://news.google.com/rss/articles/CBMitwFBVV95cUxQSVNENi03djR3amtTRk9xSmF2UWtLajJvWXJJRm90czE1TzB2aGZGeE0wX2h5bWg4RUdSM0Zld1BCcDZwVHhmMF8tdXhZd194cFBzWVdzbnN4SXFNX3EzY3hRa2R5djA0VVhEZkpDbUI0YldLU0R2NkR0LUlwYmFaOFFMekczTUpFMy0zZm1iOHNNSVdtMGp0Si1kNlBNQVdKZGduUmdYUVhCOU5tTVd5c3FMbmNENTQ?oc=5,2025-01-02 09:57:00,en
Apple’s AirTags add new child safety battery warnings - The Verge,https://news.google.com/rss/articles/CBMilgFBVV95cUxOZ1ZPTkh1cEJVdnVrQThLYXRqWC15SEI1S0NNZVJtbmM3c043UERRWVlHcGNuY1NJQnhpWDZRUjhkMUktZ0VTU1JpMFQ3VXVkTHhEOUl1cjJiOV9nbTUzbkJwQjM3cG84MWtJQkJXWmRQR1F5YzB4SGZCNmhnQUVpOGM3ZjhKVUl5TVJFa3dJRWlEUmpQX3c?oc=5,2025-01-02 18:23:04,en
Apple Watch Series 4 and more products are now considered ‘vintage’ - 9to5Mac,https://news.google.com/rss/articles/CBMibEFVX3lxTE9JOEZpN2J2dHR3QlpvSjF5R2JFV0l3M3lxTjFVZTQyN2RCN1luLTJtaUlzNlB0STFtOGx6bFJ5ZTFwNUJMQmlVaklFZ2pPTzVHVmZPSmwwamVRWHh3MVBlRmVZQ28yR0o4SmZLZA?oc=5,2025-01-02 23:23:00,en
Apple Might Owe You Money for Letting Siri Spy on You - Lifehacker,https://news.google.com/rss/articles/CBMiaEFVX3lxTFBJQ1ZPTkJlRmVjdXc5X2Y5aTVucmtnM0JpNW9pVEZmc1hybERQYmUxVGlvblIwX1JjdTlOV2NNZE9YZ1Q3Tk5GdlFFT3gxM2JlejZ4bVFOSVZiUjZfSGZna3RfOXdpN2xY?oc=5,2025-01-02 23:00:00,en
"Apple Intelligence now features Image Playground, Genmoji, and more - Apple Newsroom",https://news.google.com/rss/articles/CBMiqAFBVV95cUxQTTlud2g0UDNQV29aZVF0eGZ2bnJqTTJPRkR1WTRMVjQ3bWo2YVY2Q3VzSXB1ZV9pelhTdzU5ZzNQS05XV3JKNlJacmdVWFQwTXlLVzJGOUJ2WWZWUi1LMDJhSXJNUGlCZzBPdlJHLXBzaXFhblA5RV95TlhoNnFKN0NPNWpoY3dhWDM3dkZHZ1luV2NZVjBxNmEwTGRxcER3VnA4bmRTbmg?oc=5,2024-12-11 08:00:00,en
Apple offers holiday discount in China as Huawei competition heats up - CNBC,https://news.google.com/rss/articles/CBMiqgFBVV95cUxQc0JhMmRZb2dYYXNGTGJHUEVPckRwa0RMdHlNamVGcGNPNDRJdy12XzItUjR0QTF0SERibXJLRmRsalFGU1pyZWR0dEpwVVVJa2tod0h3QVNWM3NHX084Zm85bzMtWjlKY25TUTVTWHg2cE1xdkNKc0xRc0ZKTGtTeWtEdVJicnBWSFV2bnYyTlI4c29acXBMeERveWU1bDR5RGUyM1JvaU16UdIBrwFBVV95cUxNS1dfaFVSOUlfTHJiNGVITHg2bjctOG1nMVMxanhzdVJ1TWhVT2lhc2paM19hUGpPY2VqRXRyejlVVTg3c1k2YW9palRsalJfWGNLeGVtQW9RNjBQRGlYbUp5Q1BMbEE0aVF0VUVTc1FtMDBWWXFjeFpKeWdsWTctR0lCNW9kLWIweDEyOWo5anNyX1Y1cG1oNTc1Zy15b0NPN3c2cHVMb0lLODdBRlFJ?oc=5,2025-01-02 10:05:51,en
Apple Settles Lawsuit Alleging Siri Recorded and Shared Private Conversations - RetailWire,https://news.google.com/rss/articles/CBMiX0FVX3lxTE1ieEctbjFsazlTNnNDSVNtTzVtQ2ZaZ0hDRzd2OFRTTFVHYkl6bUNRMzU4ZTJGWVNXWWpoT2dDcG1FLVc5VERvZzVaZDFfdlJkTjhITm1pTDlVME13Ui1z?oc=5,2025-01-02 23:45:15,en
Apple Slashes iPhone Prices in China to Fight Huawei's Market Surge - Yahoo Finance,https://news.google.com/rss/articles/CBMihgFBVV95cUxNNjNjU2t2NEpJZlBra3ROblFSbmxFTl9BMlVBLXpyc0NGQy1LNDJPWmdkc0tuVk5HaFBfUnJKcTZYaG1JaFRieXF5WVdZZF9fbnc5M3RCWVNVRUlyYW1fdVNNYXdZbnl6NmNnZEtGVmx2WkM5Y21XNXRrMGxPS0FBSzIzRGU1dw?oc=5,2025-01-02 13:45:32,en
"Apple agrees to $95M settlement over Siri eavesdropping claims: Who could get payments, if it’s approved - WGHP FOX8 Greensboro",https://news.google.com/rss/articles/CBMiwwFBVV95cUxNNHdxVlRCSU9FbDQ0WEsxc1dsRHlhUzlSbUlLWVJVQjhIV3pRSlF3bTI5VUo5N1hBV2JMQkZDNl91M1lRX2FtU1ExYnMwQ29OTDRQMF82c0dYVzlLeVNzY2VReHdVQ1Y3QjgwR3FVOTdLR1Nfek9mWEZUWHJ6U01ZbzRTa3NmdGhvN2NhUjJra3BCM0RWYVFMSmVlczNCZGVXd3lra1pIWDRSZ1pnM3ZpNnZRcWl2bm5VRmJvaFNWS1RqVmM?oc=5,2025-01-03 00:36:03,en
"Apple’s Journal and Fitness apps deserve your attention, here’s why - 9to5Mac",https://news.google.com/rss/articles/CBMinAFBVV95cUxNMnpMME9MQmpnbDdtbUMxdE9qREU1WjBTTnRZLTFkSDdRb1Y4Tm1vU2RNUkNEY0doVmdPT21JdUotbVNORW5sSnlTbzBWRVVORVdMUC0zY1M1TldpZmh1eVFSVktGbDNRYkpBM19wZld2ZWlWTTY5N1dtOHgyVS1WRms3cXJ3bEdfSkVDa3ZadXZkaVl0MzNOazZDQ3U?oc=5,2025-01-02 21:22:00,en
'Winter is here:' Apple slides as UBS cuts estimates on iPhone weakness - Seeking Alpha,https://news.google.com/rss/articles/CBMiqgFBVV95cUxOaWx2Smg2UjdlZFBIOE1ROFFLNHQwd2Zod3BHYzVOdWp4OEgzRzdHckxPNUpIMURyV1pkZFVRUGVrVEREQ1hxNnFyRWkwQ0dKdDRoZU1xM3dQbm5qdWQ1NkVsUlJyaDVqcUtuSFNaUEtrT1lXbjdXbnBDTEs4d3gtUmVhRHRXMThqUTBpVk10cmhVWWRhWHB6bTU5V0oxc0x4T1dzOXg2c3FzZw?oc=5,2025-01-02 18:57:00,en
Stock Market Today: Dow Jones Does An About Face Lower; Nuclear Name Soars (Live Coverage) - Investor's Business Daily,https://news.google.com/rss/articles/CBMiqAFBVV95cUxOMmtFdEkwTHVWUDdPYXFTWTBibGVHbzlQTFlaMXhVMGZqTXpweFBVR1NrdVhrWGk5al9nTDZuY2ZiQVFDbzdHUkdBU0lDenlJdlAxaWFnb1FONDgtc1kwLUJVUVl0TjVxTlgzaG9pZk9ReUF4U0VWQS1XVDg2UWRBbExZUjlzYWhpMk43SjVQUnBWdFFoemJweUdjaVBlenp1bDB1OE15dHQ?oc=5,2025-01-02 21:07:00,en
Apple reveals 2024’s most downloaded apps and games on the App Store - Apple Newsroom,https://news.google.com/rss/articles/CBMiqwFBVV95cUxPa3p4UzlmbHd1MnlQelBhR3UxWGV3cGpaUFV4TXhJR0J2VUprUWpaeW94VmtCLTA2SFB4Qmc5bEhMcWJSMXkzYTk1QTZWMmY4M1JTR3BtTVRBS3I0bGFRaXBkUE04bVg1ZERPd3RFUHJWMVAzLWZqbms3QXp2azZpNFYwZENBSy1KbWVZWDY2OVhNYVFFMTZIa3BJUGN2a2RKR1U3Qm1DajUyYzA?oc=5,2024-12-16 08:00:00,en
Accelerating LLM Inference on NVIDIA GPUs with ReDrafter - Apple Machine Learning Research,https://news.google.com/rss/articles/CBMifEFVX3lxTFBOcV80Z2NITlV3MHV5ZzhVeXhlTURMTmhoOE4xRUlrNUJmUVVjRU96Ujd5a1BhLTNUN2JzR0drZW8wRVBjd0psc0E1bkR6OGF2WWZDMElONk9XNHEySFlBbjNQbGRkUDZ2N1N2UndsaE45RlRyTE9peEZqeHc?oc=5,2024-12-18 08:00:00,en
"RIP, Apple Watch Series 4 - MacRumors",https://news.google.com/rss/articles/CBMiekFVX3lxTE92U0NMVDZRZHRQSm9Pc3p1N2hjanliNGUzRHhjQ2pLZHl5cnU4MU9veS1Eay1RZ3JCTXhqR2Fka1MzS0NacTJLeUR5VFUxY2hoQ09iYmpGM0pYand1ZUpWbWtHdUc3ODluV1M1TVduRFJscGhNdEJNQmRR?oc=5,2025-01-02 17:09:41,en
"Stock market today: Dow, S&P 500, Nasdaq fall as comeback bid falters and Tesla, Apple slide - Yahoo Finance",https://news.google.com/rss/articles/CBMi1AFBVV95cUxObE9wU2pFTllfNXVtRlNZa0x6LXY0SnA0RFpZeHBmbDZKUEpnSUpTcU1wdG1TbGVHVDgwLThIb0YwdF9mM1VkeXN2Vm0zUmJMTnZscTBENXQyQ0V3SEpvRUFJTm80WFktWEFZemZPeVZrUmZENG1PRV9PMmpILWozUDF6NDA0ZV8ya1F5dHZjRkUyRmxacEJib2JRNC15MmtGMklMV3phdGxOLXZZZVRwVVNHbDJJWEdUaDY2ZDdnM3h0NDR4U2pWcGszSEM2VnMxRFBhQw?oc=5,2025-01-02 21:45:08,en
Apple Warns iPhone Users—Do Not Change This Setting - Forbes,https://news.google.com/rss/articles/CBMipgFBVV95cUxOcDVOamhOdllnWFo4RTlzTkVvU0JYWlk3ZzZ6RkltVDJVZjB4S2pITEczUzdfTFZ5cGp5QjRtZl8yc2xKNzNGejkzTWVmVWtqVkRFSE5OSTNia21kdHhpWkJFN3NvZFlXeUtMLVZOVGF6MGIwN1NmYVZuRUU5U3RieXdRdlJLOXRwaUhHVGp5aENzbW1RRWJ3cHcwcXEtR0VpbENMRVlR?oc=5,2024-12-31 09:23:36,en
Apple Watch Series 10 Hits Record Low Prices on Amazon for All Your New Year's Resolution Fitness Needs - MacRumors,https://news.google.com/rss/articles/CBMie0FVX3lxTE03LUhpQW50cU1GUGZ0enFwa0xPNGl0aTVwTnVJWS05NXpMX2ZsMlJVYmYzSHJBNnAwSGtDNHkwQkNvV0tWdkk3dUJENWE3cm1IVVBBR1dvemFhZVhyeFJpdGxfMGVjSmR4cXNVT0FOV0I3NlF0ZW13T0ZUaw?oc=5,2025-01-02 18:29:21,en
Apple honors 2024 App Store Award winners - Apple Newsroom,https://news.google.com/rss/articles/CBMiiAFBVV95cUxNRi04MXFIdHlSQTFFWW5abUEyU3pteW5vZVE0NGhodnZBZ0NpaHllOElDWUg4bFZOZDlUN3EwRGc3bDZTU1BabVBYRnAzLVhLSDdNTEluRHIweGJDVDBLZVZOOGVMZWtxaTY0YUZ1elNBb0NHLVEzN2t6QVlXRndfUGhOOXEtOWdC?oc=5,2024-12-11 08:00:00,en
Apple TV+ is going to be free this weekend for non-subscribe... - kottke.org,https://news.google.com/rss/articles/CBMiY0FVX3lxTE94RTFRdTFqZGVkTHctaDVkNFpOU2UyNl9RRTVZdVpUNXFvb0l0TjNUdldBUmVFVVFjVWFxU2JUMmlZUmJnZVV4cldKbGdCREU4SDQ0YjV3STBWTHNDdFgzd0hRQQ?oc=5,2025-01-02 15:06:21,en
"Here are Thursday's biggest analyst calls: Nvidia, Apple, Tesla, McDonald's, Starbucks, Citi, Uber, Boeing and more - CNBC",https://news.google.com/rss/articles/CBMijAFBVV95cUxPZHo2dmNfbGw2S1ZLTnZUbVRwZzRtbk41b29qeTZGTEl6MXdYVmFrYzl0eEZsWDItMEZVOU5PZFZFeUtIdUJJdS15cVZfcTBzUTk5eVpXQXo1ZGJjblRyZjhadG1WOVBrRFd6dTNzenNibElMZmxYaENXTEpvNmtnVEh6N05vNXB0bk5XVQ?oc=5,2025-01-02 13:03:01,en
Apple agrees to $95m settlement in Siri eavesdropping suit - Le Monde,https://news.google.com/rss/articles/CBMiwwFBVV95cUxObFZvMHNtM3BEYVhibHZjOGNFaEthajVYMkdwUHJFaFpJTEVXTkJJd2ZjSTJ2YXV0enFYQnFlc1oyYUc2b0w1eHRtaFNOR0FCejV3NGhtRktyOW5WVHoxOXZQamlpTmI4R014QXRVVklqZTRaMDJodjhVdzBKX0xlVnBWcy1UTWM5REtJS1pkS3RpdEs5SGpWdUVBejlxOW1yUVM2RllaTVd0QmdnQmY3aG1qUDF5NDBqWDlxS0NYdTVHM28?oc=5,2025-01-02 23:37:14,en
"Apple kicks off 2025 with discounts in China, shares down - Investing.com",https://news.google.com/rss/articles/CBMiswFBVV95cUxNYk8wdGNwSUV5Z1ZPWm9VSGcyMlBmb3dfank4Ylp3bktjVFFabkVLRG10Y3phbGdxblVLLWhtS2k2SGhYSlNDQU5VYWp6TExONi13Y0NrajFyZlN6RU5fLUNOZjhsejExS0t4MTBYdGNLYjRVYXZqdWhoZk4xUkFPNjNaUERrSlMzeWhNeVBON0hkUEh2UWNfa0J1WmVseG1CZUhzLVF5WGZJR3o3VFlteFRZZw?oc=5,2025-01-02 18:37:34,en
"Apple, Tesla, Spotify: The tech announcements that never happened in 2024 - Mashable",https://news.google.com/rss/articles/CBMidkFVX3lxTE1MT1JpRjVQNXZNQUFwazRfZjJEZXNGMlAzV2lmZzgxRnRWbkhLVldINTBubzctbnNVLXJVQ0p2MmcwVWM5cEhJZ3FlZkw0MzgtdE1Bd1F3NmtLYkw2b2VWM1pyZmRSOUx1TmNId29HcDhfcmZlOFE?oc=5,2025-01-02 12:40:30,en
"Massachusetts Apple Store deadly crash: Police did not coerce defendant, judge rules - Boston Herald",https://news.google.com/rss/articles/CBMisAFBVV95cUxPVmhWMmVscl92LUp5c1lYSkEwZzY3empoN1dqaGI4RzNmN3NkNzhZUjR0WFFYaDEwUE1ldmQwODNocUNsa044UjRXaHNzVmlBSDlJdVVua2p5a0tqdDVIaEt6THVtRkRNUUxWTzBUYTR1V05fLVVjSWZPdmNJQ1Zrc254dFBORGFMb1k1cVJyNFMzdWNwbS1tQzdFc0xldUsxVHpkZ2JOUGlKS05NWXNOU9IBtgFBVV95cUxNdjE2eFVvLWMweS1lZ25iZTZ2SV9mTjktNFA1QVB3YjhrSEFjZVVoaERsc2xyVjdDakxOdzBLYVlRUUwzVEN2eDlDZ1BhQWdoNnhHYjl6WF8zM1pEWkM3OHdJeG9GbzRXdm9nX0ZDb0dxS3ZIUVRzdktkQm9uaWJfZnMzSkNmNmlFOUctZU9ObGpoeXphN3JXNG9BN0JXNFJPdUVGYmxnLVhCQy10d19uUFZNTzVsUQ?oc=5,2025-01-02 23:34:56,en
Apple Cancels iPhone 14 And iPhone SE For Millions Of Customers - Forbes,https://news.google.com/rss/articles/CBMisgFBVV95cUxOOU5aazRHbEtEUUFQcmNhRWZYTGxIUzFMSmVGM184VGRFa1J6dUI4NksyamYwNUd4S0RJYVlGVUxGdjdPNjY3dnEtU2JuOTYxSjJGZ0JScnREd18ySGR5bHM4NEFYMnNvWi1ZanJXVkY1UlBIUHdsTlQxZzB1UVBEb052N1lWb08xY0JLNjFxZl9CSHh2R0lybkowYjlRMGR2MGU5UDVJU0F4YnJPWGRpU29B?oc=5,2024-12-31 09:57:00,en
I want the iPhone 17 to get rid of the Dynamic Island – but not for the reason you think - TechRadar,https://news.google.com/rss/articles/CBMixAFBVV95cUxPRGFEWE5QZWNqeFhDUXZzcTNpd3lrSlVyMDY5T1puYUNUbWpfUHRpeUtvNC1FeHRURkYxOWs2UFRIODd5dURtNUZGYy1QYzRfQ0VDWXRRZ0tmZDJZRU03NzhxZ2Ewck1WY0NEdjRhM0Y3VWhHcjRsOURVem1WSW5uMUg4U0ZpMGNic1pPMjNab2VWWHFMSDR0S3IzVGpQcVFOc2dDQm5qeU1RUDd2aWNuUTc1OWhDRzdyQ09BNWZab2dOUF93?oc=5,2025-01-02 19:22:14,en
Apple site still says next-gen CarPlay is coming in 2024 - BGR,https://news.google.com/rss/articles/CBMihAFBVV95cUxOS3FDOHg5VEpfdVlVR2xBVFZtYnVZWXExRExfM19tVmNNaUZQOUR6RE10V2J2cDFKYzktQWo4c0FPWGVYdjdrUmh4ZkdxaWhrTUJHNHJ5ejFVMHBiWFQzemxHOTR0WXpvVkpWVTVFZVhPREFOWDVkZ3hid0dQMG54ZWNBWFM?oc=5,2025-01-02 12:57:00,en
Red Apple Buffet could reopen if the building doesn’t sell - Concord Monitor,https://news.google.com/rss/articles/CBMiggFBVV95cUxNS1dYWXlIR1JTaGFjRW1yWHd2UHJ2djMtY1hEeFpJLXhpU0dlWkpiSmpZazV3S1U4M1ZDdFdlWjliYk80YUJCcjdxRTlmUF9pMW03MzEwUE5Rb2ZNV1RxY2Zqc3Y4OEViNnNRUDRCX2ZKZU9MRWpTUVlIOV9uWkFva0Nn?oc=5,2025-01-01 13:00:26,en
Apple updates AirTag warnings to comply with safety standards - AppleInsider,https://news.google.com/rss/articles/CBMipwFBVV95cUxOV05PNnQ3a2tLbml2ZlNUNl8zRjJEOW1GUUJadmVKWGRDNmhsLTRfQWFuRWx5b2dwY0VZLXRITnNzV1F1a2RjTFJZSjRQcHZTeFN5alpoaDRNa0FlQmhCR01CYlVZbjNnOFNIbC1PMXpQZi1UNUw1b1d0N3Q3cy12SFNTTHAyOWZvRG1yZUE3V0ZXZTRNYTlYUTRGX2lDN3cwRXNXeENYNNIBrgFBVV95cUxOVjBLS2xGYmE4T3BXUzZHRXBoS0d5SE5VdDh6R1BKWS1zb29ZQkJzbm1XNHluUjRuUFhfMzZCamEwY0pKU0dYNlNCUktzS1p3S0VHanVBbnhYalRYZGprVF9WUG5tTDc0VjVkR3dieFVJUk5DUFdjbWozVFZlUTBWcGk2UC1UVzNQSTQtSEpPeW1hUzZUZzdlMjY5YzVfdXhwMXc5Xy1Ub2xGR1lYYkE?oc=5,2025-01-02 17:54:52,en
“Apple Settles Siri Eavesdropping Suit for $95 Million - theSun,https://news.google.com/rss/articles/CBMiqAFBVV95cUxPTWF0OGNfTUducEFvVHgwREJ2MV93YWpWYUJ3NWJJSVZqd0xmX0tHdjhRZ1E1b3plbktMMXFUWnNNcUNzLTJkUmJiVGNVZEhJNnM0c2FsemVJWFFIVU43WkNRQzZvelJGbWEtOG1LcTN3WHRXem4tczdIdXFvdTVkYXF6YnN4QWNZMFBwS2V0Q3hyQjFqWDZ6MUJ5eENVVFk0bHJPbFZ6Vks?oc=5,2025-01-03 00:46:00,en
Amazon has the Apple Watch 10 back on sale for its super-cheap Black Friday price - NJ.com,https://news.google.com/rss/articles/CBMixwFBVV95cUxNdUZkTWZQQS16N3VxdWJMUk0tbk1vdVpNUEpoRGp3bEJxX0tzRXA4MXZSdjdyMkRUVURROGpJbUoxVDYwekF1R2V0a3hZWjQ3RUZJQmc5OVpCSHk4a2VNZk85MVhQNk1WalNoSDhpSm41b1NzcUhZaDVfWklhYmtOSUx4Zk5JQjd5VzM2N3F5N0RHZVVGQXBrVnZBa2tzMUxvZ3FzVjl0a3MwYU54Wl9QYXhpUE1lcHMwX1ZQWXhFT21Cd0ZOSjI00gHbAUFVX3lxTFAyQkVmQ3VqRzVUVHh3UGVUQXpKdnZIcXhucUV3SWQwWDhXMG1teGhPX1dZYmdQUkYwdEs3VlFfTHg1d0dOS3dwY3JIRzB2U0JIdjRMdmdTMEpnNWN2akdhejlqUlZoNHd3ODNzOWUxZ2E5TXU1RTVxcUpLXzFYS0ZIVzFkZUxoQnFMczB0YXpvT2N5OFhpeU14U205UV9ydXNZLVRWWW9WZXBZUTUtd3ZwODhnc3FEbFJNOENqVm1fMWhESVZOblVodTJVMDRWY1JpcGdGWC1FXy1Paw?oc=5,2025-01-02 16:05:00,en
"Apple Announces Free Apple TV Weekend in January, Services Revenue Hits Record Growth - Yahoo Finance",https://news.google.com/rss/articles/CBMigAFBVV95cUxQWUR1OWp3bjFkMDRUYU9WZ3hPcU9SdDdoT1loYXN1M29na1EzTnR1RGNQTkYzRmVYcWFKeG1ueDMxYmcwdTE3Sm5SZUxTT3VXVkR6TjZnbVJjWmQ5ZDhVTkVTMnZuNENwajZVRS1hV1kybmZyTHF0ak81ZFdURXFOLQ?oc=5,2024-12-30 17:31:10,en
Apple to settle claims Siri collected user data without permission - SC Media,https://news.google.com/rss/articles/CBMimwFBVV95cUxQVHA3N0xKN3NfUDg1ZHUxYmRUMVZfR2RQMXlWSWpHT29TblNXTXV0OEJOWUx3SGRVYnFhZXlsZzg2Z3lNa0ZUTk5FSHBhZ1p5cS1pV0VXbGVsNlF3SGlNUDhSazF1UXhIbnIzc2ZvZUJoRS1oWXFJV3ZjMW5RS2s1MExaUG9aUkZibmdXSDB2NVNpaFFRYUxRTFExMA?oc=5,2025-01-02 23:36:00,en
How ‘Wicked’ Director Jon M. Chu Used Apple Vision Pro During Film’s Post-Production (Exclusive) - Hollywood Reporter,https://news.google.com/rss/articles/CBMitAFBVV95cUxQenVrSk5ob0hReUs1VVl6RV8wSzdGWFVPX01GRi1fQlRzYzYxeG4wTGlobDdIM1pMclVSU2c2MXZnQ0I3b09HcXZqOWJnM0o1bGR0MEFZdm5hRlVkS0pUWVRFYUN2b1RGNndjZUtnNGhydzI5TW1lUDV0bmRGMlo4QThXSEk5NUUtQjB0NnA5Q3FFZ2FDTWF3YUVEdTd5bENqbzhkeUxTajlmQzhnaGZ1SFJoYWo?oc=5,2025-01-02 18:04:09,en
Apple offers iPhone discounts in China as competition intensifies - Yahoo Finance,https://news.google.com/rss/articles/CBMiiAFBVV95cUxNeXQyQ3F2NGtveWlZRXJINWtwS2RUOVhMbUJKSVdKelNla1hfME5mWlRoTDhIWENILWtyMW93V1lCUHZidHd1MHZUU0NvS2M0ZG1Vd2NESld0Q08xX19mcFBJUnVpdzY4SWtkRTF6WjdrTGxBMXg4SnBpSzU2SktDYkR3TzlhZHha?oc=5,2025-01-02 05:59:14,en
Apple TV+ Will Be Free to Stream for Three Days - Variety,https://news.google.com/rss/articles/CBMihAFBVV95cUxOM25OTll0V1RFbG02QXVWbDA2NTgxbS04bVNSSUt5LVNOOV9qOWZPVEVUc3FSaUREcUh3ZGxvbGhocWlaRkFiSkhTVXZzcVNMOU1TM3IwWHNiQTVvVHFic2tCOEFQS2RkdXctQzU5cE03NVRwQWhTX1JaODh4T2syNmRUbVM?oc=5,2024-12-30 18:38:00,en
Apple agrees to settle a 2019 Siri privacy lawsuit for $95 million - Engadget,https://news.google.com/rss/articles/CBMitAFBVV95cUxNbDBNOGoyc3ktRUE2Y255dFdzT283a04tUTNZQWU3Y3JJdjk3eDVXYmYtLTQ5MU1ERzlTVklFY3RHbmJDYlVJTFFNOWZuV1ZQb21ET3EyZ2dsa2pyZUMtTGdOQlhTcFhEUTkzbjQ3STgzVmNfanA1WDI1OEllOTc5M2J2UGJieHhwaG1xRjBrUHoxMkxVVUZueks4YUJnb0JhVWJDUTh2OEpSQWZsaU1QZXhLZEU?oc=5,2025-01-02 19:58:20,en
"Stock Market Kicks Off 2025 With More Losses; Apple, Tesla Slide - Investor's Business Daily",https://news.google.com/rss/articles/CBMilgFBVV95cUxPWG1FRGRxTGVmMDVnTkdXZkJfMElnU0otR2JrVzJZTTJQUU1oSVQ5bHRuZllESkRRd0FoNndqYzZNSFlsa2lBMWFyenFLem5hMGp2V2tURnB0NGdfV0VHdnpRV2tLaDJ0aEo1ZzlkLVJrZnliS1BFYXVRYWhBRHFuTmIybURtQU1TT05uV0pqRzFjMWRaSlE?oc=5,2025-01-02 22:25:00,en
11 Hidden Features in Apple Music Every User Should Know About - Lifehacker,https://news.google.com/rss/articles/CBMidkFVX3lxTFBtdk9kcGF0S0tYMHl6N2laNGM1Q0N6TTdLRkJYMm8tNzFaZ1F6MW5MekRwLUVtbkFLS015U1NuMzJxLUtadUl4VE1vNHRsaUc1NVVlV2VkdGVBQ1NaS0RGNEFXSDNjb1RmcVAwX2RCRGxseWVIS3c?oc=5,2025-01-02 14:00:00,en
‘Wicked’ director Jon M. Chu used Apple Vision Pro during the film’s post-production - 9to5Mac,https://news.google.com/rss/articles/CBMiakFVX3lxTE96c0FvWTFoU2JQWkR4N1dtRDkzeWVCNlBkOWpzUjM5Xzk2U0ZJZHRHelBES3dEd1czbmNPTXQ3UjZLZVZBXzZ1WnJsUVlMU2FMemxOMFIxaHhNbEZVSzJ1clVJNDVlU0d6Rnc?oc=5,2025-01-03 00:00:00,en
